//
//  dyldBypass.m
//
//  Created by Kyle Nicol on 9/20/19.
//  Copyright © 2019 Hydra. All rights reserved.
//

#import <Foundation/Foundation.h>
#import "dyldBypass.h"
#import "fishhook.h"

@implementation dyldBypass

#pragma mark Shared Variable Declarations
    int swapLC = 0;
    int swapCS = 0;
    
    // ============================================
    // FIRST 4 PAGES (0x4000 bytes) - Header
    // ============================================
    static const uint8_t lcData[0x4000] = {
  {
  0xcf, 0xfa, 0xed, 0xfe, 0x0c, 0x00, 0x00, 0x01, 0x00, 0x00, 0x00, 0x00,
  0x02, 0x00, 0x00, 0x00, 0x7c, 0x00, 0x00, 0x00, 0xe8, 0x35, 0x00, 0x00,
  0x85, 0x80, 0xa1, 0x00, 0x00, 0x00, 0x00, 0x00, 0x19, 0x00, 0x00, 0x00,
  0x48, 0x00, 0x00, 0x00, 0x5f, 0x5f, 0x50, 0x41, 0x47, 0x45, 0x5a, 0x45,
  0x52, 0x4f, 0x00, 0x00, 0x00, 0x00, 0x00, 0x00, 0x00, 0x00, 0x00, 0x00,
  0x00, 0x00, 0x00, 0x00, 0x00, 0x00, 0x00, 0x00, 0x01, 0x00, 0x00, 0x00,
  0x00, 0x00, 0x00, 0x00, 0x00, 0x00, 0x00, 0x00, 0x00, 0x00, 0x00, 0x00,
  0x00, 0x00, 0x00, 0x00, 0x00, 0x00, 0x00, 0x00, 0x00, 0x00, 0x00, 0x00,
  0x00, 0x00, 0x00, 0x00, 0x00, 0x00, 0x00, 0x00, 0x19, 0x00, 0x00, 0x00,
  0xb8, 0x08, 0x00, 0x00, 0x5f, 0x5f, 0x54, 0x45, 0x58, 0x54, 0x00, 0x00,
  0x00, 0x00, 0x00, 0x00, 0x00, 0x00, 0x00, 0x00, 0x00, 0x00, 0x00, 0x00,
  0x01, 0x00, 0x00, 0x00, 0x00, 0xc0, 0xb5, 0x03, 0x00, 0x00, 0x00, 0x00,
  0x00, 0x00, 0x00, 0x00, 0x00, 0x00, 0x00, 0x00, 0x00, 0xc0, 0xb5, 0x03,
  0x00, 0x00, 0x00, 0x00, 0x05, 0x00, 0x00, 0x00, 0x05, 0x00, 0x00, 0x00,
  0x1b, 0x00, 0x00, 0x00, 0x00, 0x00, 0x00, 0x00, 0x5f, 0x5f, 0x74, 0x65,
  0x78, 0x74, 0x00, 0x00, 0x00, 0x00, 0x00, 0x00, 0x00, 0x00, 0x00, 0x00,
  0x5f, 0x5f, 0x54, 0x45, 0x58, 0x54, 0x00, 0x00, 0x00, 0x00, 0x00, 0x00,
  0x00, 0x00, 0x00, 0x00, 0x00, 0x40, 0x00, 0x00, 0x01, 0x00, 0x00, 0x00,
  0x18, 0x87, 0xee, 0x02, 0x00, 0x00, 0x00, 0x00, 0x00, 0x40, 0x00, 0x00,
  0x05, 0x00, 0x00, 0x00, 0x00, 0x00, 0x00, 0x00, 0x00, 0x00, 0x00, 0x00,
  0x00, 0x04, 0x00, 0x80, 0x00, 0x00, 0x00, 0x00, 0x00, 0x00, 0x00, 0x00,
  0x00, 0x00, 0x00, 0x00, 0x5f, 0x5f, 0x73, 0x74, 0x75, 0x62, 0x73, 0x00,
  0x00, 0x00, 0x00, 0x00, 0x00, 0x00, 0x00, 0x00, 0x5f, 0x5f, 0x54, 0x45,
  0x58, 0x54, 0x00, 0x00, 0x00, 0x00, 0x00, 0x00, 0x00, 0x00, 0x00, 0x00,
  0x18, 0xc7, 0xee, 0x02, 0x01, 0x00, 0x00, 0x00, 0x2c, 0x73, 0x00, 0x00,
  0x00, 0x00, 0x00, 0x00, 0x18, 0xc7, 0xee, 0x02, 0x02, 0x00, 0x00, 0x00,
  0x00, 0x00, 0x00, 0x00, 0x00, 0x00, 0x00, 0x00, 0x08, 0x04, 0x00, 0x80,
  0x00, 0x00, 0x00, 0x00, 0x0c, 0x00, 0x00, 0x00, 0x00, 0x00, 0x00, 0x00,
  0x5f, 0x5f, 0x73, 0x74, 0x75, 0x62, 0x5f, 0x68, 0x65, 0x6c, 0x70, 0x65,
  0x72, 0x00, 0x00, 0x00, 0x5f, 0x5f, 0x54, 0x45, 0x58, 0x54, 0x00, 0x00,
  0x00, 0x00, 0x00, 0x00, 0x00, 0x00, 0x00, 0x00, 0x44, 0x3a, 0xef, 0x02,
  0x01, 0x00, 0x00, 0x00, 0x90, 0x72, 0x00, 0x00, 0x00, 0x00, 0x00, 0x00,
  0x44, 0x3a, 0xef, 0x02, 0x02, 0x00, 0x00, 0x00, 0x00, 0x00, 0x00, 0x00,
  0x00, 0x00, 0x00, 0x00, 0x00, 0x04, 0x00, 0x80, 0x00, 0x00, 0x00, 0x00,
  0x00, 0x00, 0x00, 0x00, 0x00, 0x00, 0x00, 0x00, 0x5f, 0x5f, 0x6f, 0x62,
  0x6a, 0x63, 0x5f, 0x73, 0x74, 0x75, 0x62, 0x73, 0x00, 0x00, 0x00, 0x00,
  0x5f, 0x5f, 0x54, 0x45, 0x58, 0x54, 0x00, 0x00, 0x00, 0x00, 0x00, 0x00,
  0x00, 0x00, 0x00, 0x00, 0xe0, 0xac, 0xef, 0x02, 0x01, 0x00, 0x00, 0x00,
  0x00, 0x5a, 0x18, 0x00, 0x00, 0x00, 0x00, 0x00, 0xe0, 0xac, 0xef, 0x02,
  0x05, 0x00, 0x00, 0x00, 0x00, 0x00, 0x00, 0x00, 0x00, 0x00, 0x00, 0x00,
  0x00, 0x04, 0x00, 0x80, 0x00, 0x00, 0x00, 0x00, 0x00, 0x00, 0x00, 0x00,
  0x00, 0x00, 0x00, 0x00, 0x5f, 0x5f, 0x67, 0x63, 0x63, 0x5f, 0x65, 0x78,
  0x63, 0x65, 0x70, 0x74, 0x5f, 0x74, 0x61, 0x62, 0x5f, 0x5f, 0x54, 0x45,
  0x58, 0x54, 0x00, 0x00, 0x00, 0x00, 0x00, 0x00, 0x00, 0x00, 0x00, 0x00,
  0xe0, 0x06, 0x08, 0x03, 0x01, 0x00, 0x00, 0x00, 0x38, 0x6f, 0x11, 0x00,
  0x00, 0x00, 0x00, 0x00, 0xe0, 0x06, 0x08, 0x03, 0x02, 0x00, 0x00, 0x00,
  0x00, 0x00, 0x00, 0x00, 0x00, 0x00, 0x00, 0x00, 0x00, 0x00, 0x00, 0x00,
  0x00, 0x00, 0x00, 0x00, 0x00, 0x00, 0x00, 0x00, 0x00, 0x00, 0x00, 0x00,
  0x5f, 0x5f, 0x63, 0x6f, 0x6e, 0x73, 0x74, 0x00, 0x00, 0x00, 0x00, 0x00,
  0x00, 0x00, 0x00, 0x00, 0x5f, 0x5f, 0x54, 0x45, 0x58, 0x54, 0x00, 0x00,
  0x00, 0x00, 0x00, 0x00, 0x00, 0x00, 0x00, 0x00, 0x40, 0x76, 0x19, 0x03,
  0x01, 0x00, 0x00, 0x00, 0x15, 0x93, 0x1c, 0x00, 0x00, 0x00, 0x00, 0x00,
  0x40, 0x76, 0x19, 0x03, 0x06, 0x00, 0x00, 0x00, 0x00, 0x00, 0x00, 0x00,
  0x00, 0x00, 0x00, 0x00, 0x00, 0x00, 0x00, 0x00, 0x00, 0x00, 0x00, 0x00,
  0x00, 0x00, 0x00, 0x00, 0x00, 0x00, 0x00, 0x00, 0x5f, 0x5f, 0x63, 0x73,
  0x74, 0x72, 0x69, 0x6e, 0x67, 0x00, 0x00, 0x00, 0x00, 0x00, 0x00, 0x00,
  0x5f, 0x5f, 0x54, 0x45, 0x58, 0x54, 0x00, 0x00, 0x00, 0x00, 0x00, 0x00,
  0x00, 0x00, 0x00, 0x00, 0x60, 0x09, 0x36, 0x03, 0x01, 0x00, 0x00, 0x00,
  0x8b, 0xb5, 0x24, 0x00, 0x00, 0x00, 0x00, 0x00, 0x60, 0x09, 0x36, 0x03,
  0x04, 0x00, 0x00, 0x00, 0x00, 0x00, 0x00, 0x00, 0x00, 0x00, 0x00, 0x00,
  0x02, 0x00, 0x00, 0x00, 0x00, 0x00, 0x00, 0x00, 0x00, 0x00, 0x00, 0x00,
  0x00, 0x00, 0x00, 0x00, 0x5f, 0x5f, 0x6f, 0x62, 0x6a, 0x63, 0x5f, 0x6d,
  0x65, 0x74, 0x68, 0x6e, 0x61, 0x6d, 0x65, 0x00, 0x5f, 0x5f, 0x54, 0x45,
  0x58, 0x54, 0x00, 0x00, 0x00, 0x00, 0x00, 0x00, 0x00, 0x00, 0x00, 0x00,
  0xeb, 0xbe, 0x5a, 0x03, 0x01, 0x00, 0x00, 0x00, 0x88, 0x4d, 0x28, 0x00,
  0x00, 0x00, 0x00, 0x00, 0xeb, 0xbe, 0x5a, 0x03, 0x00, 0x00, 0x00, 0x00,
  0x00, 0x00, 0x00, 0x00, 0x00, 0x00, 0x00, 0x00, 0x02, 0x00, 0x00, 0x00,
  0x00, 0x00, 0x00, 0x00, 0x00, 0x00, 0x00, 0x00, 0x00, 0x00, 0x00, 0x00,
  0x5f, 0x5f, 0x6f, 0x62, 0x6a, 0x63, 0x5f, 0x63, 0x6c, 0x61, 0x73, 0x73,
  0x6e, 0x61, 0x6d, 0x65, 0x5f, 0x5f, 0x54, 0x45, 0x58, 0x54, 0x00, 0x00,
  0x00, 0x00, 0x00, 0x00, 0x00, 0x00, 0x00, 0x00, 0x73, 0x0c, 0x83, 0x03,
  0x01, 0x00, 0x00, 0x00, 0x2c, 0xed, 0x02, 0x00, 0x00, 0x00, 0x00, 0x00,
  0x73, 0x0c, 0x83, 0x03, 0x00, 0x00, 0x00, 0x00, 0x00, 0x00, 0x00, 0x00,
  0x00, 0x00, 0x00, 0x00, 0x02, 0x00, 0x00, 0x00, 0x00, 0x00, 0x00, 0x00,
  0x00, 0x00, 0x00, 0x00, 0x00, 0x00, 0x00, 0x00, 0x5f, 0x5f, 0x6f, 0x62,
  0x6a, 0x63, 0x5f, 0x6d, 0x65, 0x74, 0x68, 0x74, 0x79, 0x70, 0x65, 0x00,
  0x5f, 0x5f, 0x54, 0x45, 0x58, 0x54, 0x00, 0x00, 0x00, 0x00, 0x00, 0x00,
  0x00, 0x00, 0x00, 0x00, 0x9f, 0xf9, 0x85, 0x03, 0x01, 0x00, 0x00, 0x00,
  0xb0, 0x0a, 0x09, 0x00, 0x00, 0x00, 0x00, 0x00, 0x9f, 0xf9, 0x85, 0x03,
  0x00, 0x00, 0x00, 0x00, 0x00, 0x00, 0x00, 0x00, 0x00, 0x00, 0x00, 0x00,
  0x02, 0x00, 0x00, 0x00, 0x00, 0x00, 0x00, 0x00, 0x00, 0x00, 0x00, 0x00,
  0x00, 0x00, 0x00, 0x00, 0x5f, 0x5f, 0x75, 0x73, 0x74, 0x72, 0x69, 0x6e,
  0x67, 0x00, 0x00, 0x00, 0x00, 0x00, 0x00, 0x00, 0x5f, 0x5f, 0x54, 0x45,
  0x58, 0x54, 0x00, 0x00, 0x00, 0x00, 0x00, 0x00, 0x00, 0x00, 0x00, 0x00,
  0x50, 0x04, 0x8f, 0x03, 0x01, 0x00, 0x00, 0x00, 0x82, 0x05, 0x01, 0x00,
  0x00, 0x00, 0x00, 0x00, 0x50, 0x04, 0x8f, 0x03, 0x01, 0x00, 0x00, 0x00,
  0x00, 0x00, 0x00, 0x00, 0x00, 0x00, 0x00, 0x00, 0x00, 0x00, 0x00, 0x00,
  0x00, 0x00, 0x00, 0x00, 0x00, 0x00, 0x00, 0x00, 0x00, 0x00, 0x00, 0x00,
  0x5f, 0x5f, 0x63, 0x6f, 0x6e, 0x73, 0x74, 0x67, 0x5f, 0x73, 0x77, 0x69,
  0x66, 0x74, 0x74, 0x00, 0x5f, 0x5f, 0x54, 0x45, 0x58, 0x54, 0x00, 0x00,
  0x00, 0x00, 0x00, 0x00, 0x00, 0x00, 0x00, 0x00, 0xd4, 0x09, 0x90, 0x03,
  0x01, 0x00, 0x00, 0x00, 0xe8, 0x9a, 0x04, 0x00, 0x00, 0x00, 0x00, 0x00,
  0xd4, 0x09, 0x90, 0x03, 0x02, 0x00, 0x00, 0x00, 0x00, 0x00, 0x00, 0x00,
  0x00, 0x00, 0x00, 0x00, 0x00, 0x00, 0x00, 0x00, 0x00, 0x00, 0x00, 0x00,
  0x00, 0x00, 0x00, 0x00, 0x00, 0x00, 0x00, 0x00, 0x5f, 0x5f, 0x73, 0x77,
  0x69, 0x66, 0x74, 0x35, 0x5f, 0x74, 0x79, 0x70, 0x65, 0x72, 0x65, 0x66,
  0x5f, 0x5f, 0x54, 0x45, 0x58, 0x54, 0x00, 0x00, 0x00, 0x00, 0x00, 0x00,
  0x00, 0x00, 0x00, 0x00, 0xc0, 0xa4, 0x94, 0x03, 0x01, 0x00, 0x00, 0x00,
  0xa2, 0xe4, 0x02, 0x00, 0x00, 0x00, 0x00, 0x00, 0xc0, 0xa4, 0x94, 0x03,
  0x04, 0x00, 0x00, 0x00, 0x00, 0x00, 0x00, 0x00, 0x00, 0x00, 0x00, 0x00,
  0x00, 0x00, 0x00, 0x00, 0x00, 0x00, 0x00, 0x00, 0x00, 0x00, 0x00, 0x00,
  0x00, 0x00, 0x00, 0x00, 0x5f, 0x5f, 0x73, 0x77, 0x69, 0x66, 0x74, 0x35,
  0x5f, 0x66, 0x69, 0x65, 0x6c, 0x64, 0x6d, 0x64, 0x5f, 0x5f, 0x54, 0x45,
  0x58, 0x54, 0x00, 0x00, 0x00, 0x00, 0x00, 0x00, 0x00, 0x00, 0x00, 0x00,
  0x64, 0x89, 0x97, 0x03, 0x01, 0x00, 0x00, 0x00, 0xc8, 0x43, 0x04, 0x00,
  0x00, 0x00, 0x00, 0x00, 0x64, 0x89, 0x97, 0x03, 0x02, 0x00, 0x00, 0x00,
  0x00, 0x00, 0x00, 0x00, 0x00, 0x00, 0x00, 0x00, 0x00, 0x00, 0x00, 0x00,
  0x00, 0x00, 0x00, 0x00, 0x00, 0x00, 0x00, 0x00, 0x00, 0x00, 0x00, 0x00,
  0x5f, 0x5f, 0x73, 0x77, 0x69, 0x66, 0x74, 0x35, 0x5f, 0x74, 0x79, 0x70,
  0x65, 0x73, 0x00, 0x00, 0x5f, 0x5f, 0x54, 0x45, 0x58, 0x54, 0x00, 0x00,
  0x00, 0x00, 0x00, 0x00, 0x00, 0x00, 0x00, 0x00, 0x2c, 0xcd, 0x9b, 0x03,
  0x01, 0x00, 0x00, 0x00, 0x18, 0x44, 0x00, 0x00, 0x00, 0x00, 0x00, 0x00,
  0x2c, 0xcd, 0x9b, 0x03, 0x02, 0x00, 0x00, 0x00, 0x00, 0x00, 0x00, 0x00,
  0x00, 0x00, 0x00, 0x00, 0x00, 0x00, 0x00, 0x00, 0x00, 0x00, 0x00, 0x00,
  0x00, 0x00, 0x00, 0x00, 0x00, 0x00, 0x00, 0x00, 0x5f, 0x5f, 0x73, 0x77,
  0x69, 0x66, 0x74, 0x35, 0x5f, 0x72, 0x65, 0x66, 0x6c, 0x73, 0x74, 0x72,
  0x5f, 0x5f, 0x54, 0x45, 0x58, 0x54, 0x00, 0x00, 0x00, 0x00, 0x00, 0x00,
  0x00, 0x00, 0x00, 0x00, 0x50, 0x11, 0x9c, 0x03, 0x01, 0x00, 0x00, 0x00,
  0xfe, 0x1b, 0x03, 0x00, 0x00, 0x00, 0x00, 0x00, 0x50, 0x11, 0x9c, 0x03,
  0x04, 0x00, 0x00, 0x00, 0x00, 0x00, 0x00, 0x00, 0x00, 0x00, 0x00, 0x00,
  0x00, 0x00, 0x00, 0x00, 0x00, 0x00, 0x00, 0x00, 0x00, 0x00, 0x00, 0x00,
  0x00, 0x00, 0x00, 0x00, 0x5f, 0x5f, 0x73, 0x77, 0x69, 0x66, 0x74, 0x35,
  0x5f, 0x61, 0x73, 0x73, 0x6f, 0x63, 0x74, 0x79, 0x5f, 0x5f, 0x54, 0x45,
  0x58, 0x54, 0x00, 0x00, 0x00, 0x00, 0x00, 0x00, 0x00, 0x00, 0x00, 0x00,
  0x50, 0x2d, 0x9f, 0x03, 0x01, 0x00, 0x00, 0x00, 0xe0, 0x64, 0x00, 0x00,
  0x00, 0x00, 0x00, 0x00, 0x50, 0x2d, 0x9f, 0x03, 0x02, 0x00, 0x00, 0x00,
  0x00, 0x00, 0x00, 0x00, 0x00, 0x00, 0x00, 0x00, 0x00, 0x00, 0x00, 0x00,
  0x00, 0x00, 0x00, 0x00, 0x00, 0x00, 0x00, 0x00, 0x00, 0x00, 0x00, 0x00,
  0x5f, 0x5f, 0x73, 0x77, 0x69, 0x66, 0x74, 0x35, 0x5f, 0x62, 0x75, 0x69,
  0x6c, 0x74, 0x69, 0x6e, 0x5f, 0x5f, 0x54, 0x45, 0x58, 0x54, 0x00, 0x00,
  0x00, 0x00, 0x00, 0x00, 0x00, 0x00, 0x00, 0x00, 0x30, 0x92, 0x9f, 0x03,
  0x01, 0x00, 0x00, 0x00, 0xa8, 0x11, 0x00, 0x00, 0x00, 0x00, 0x00, 0x00,
  0x30, 0x92, 0x9f, 0x03, 0x02, 0x00, 0x00, 0x00, 0x00, 0x00, 0x00, 0x00,
  0x00, 0x00, 0x00, 0x00, 0x00, 0x00, 0x00, 0x00, 0x00, 0x00, 0x00, 0x00,
  0x00, 0x00, 0x00, 0x00, 0x00, 0x00, 0x00, 0x00, 0x5f, 0x5f, 0x73, 0x77,
  0x69, 0x66, 0x74, 0x35, 0x5f, 0x63, 0x61, 0x70, 0x74, 0x75, 0x72, 0x65,
  0x5f, 0x5f, 0x54, 0x45, 0x58, 0x54, 0x00, 0x00, 0x00, 0x00, 0x00, 0x00,
  0x00, 0x00, 0x00, 0x00, 0xd8, 0xa3, 0x9f, 0x03, 0x01, 0x00, 0x00, 0x00,
  0xac, 0xf4, 0x00, 0x00, 0x00, 0x00, 0x00, 0x00, 0xd8, 0xa3, 0x9f, 0x03,
  0x02, 0x00, 0x00, 0x00, 0x00, 0x00, 0x00, 0x00, 0x00, 0x00, 0x00, 0x00,
  0x00, 0x00, 0x00, 0x00, 0x00, 0x00, 0x00, 0x00, 0x00, 0x00, 0x00, 0x00,
  0x00, 0x00, 0x00, 0x00, 0x5f, 0x5f, 0x73, 0x77, 0x69, 0x66, 0x74, 0x35,
  0x5f, 0x70, 0x72, 0x6f, 0x74, 0x6f, 0x00, 0x00, 0x5f, 0x5f, 0x54, 0x45,
  0x58, 0x54, 0x00, 0x00, 0x00, 0x00, 0x00, 0x00, 0x00, 0x00, 0x00, 0x00,
  0x84, 0x98, 0xa0, 0x03, 0x01, 0x00, 0x00, 0x00, 0x50, 0x9a, 0x00, 0x00,
  0x00, 0x00, 0x00, 0x00, 0x84, 0x98, 0xa0, 0x03, 0x02, 0x00, 0x00, 0x00,
  0x00, 0x00, 0x00, 0x00, 0x00, 0x00, 0x00, 0x00, 0x00, 0x00, 0x00, 0x00,
  0x00, 0x00, 0x00, 0x00, 0x00, 0x00, 0x00, 0x00, 0x00, 0x00, 0x00, 0x00,
  0x5f, 0x5f, 0x73, 0x77, 0x69, 0x66, 0x74, 0x5f, 0x61, 0x73, 0x5f, 0x65,
  0x6e, 0x74, 0x72, 0x79, 0x5f, 0x5f, 0x54, 0x45, 0x58, 0x54, 0x00, 0x00,
  0x00, 0x00, 0x00, 0x00, 0x00, 0x00, 0x00, 0x00, 0xd4, 0x32, 0xa1, 0x03,
  0x01, 0x00, 0x00, 0x00, 0xb8, 0x01, 0x00, 0x00, 0x00, 0x00, 0x00, 0x00,
  0xd4, 0x32, 0xa1, 0x03, 0x02, 0x00, 0x00, 0x00, 0x00, 0x00, 0x00, 0x00,
  0x00, 0x00, 0x00, 0x00, 0x00, 0x00, 0x00, 0x00, 0x00, 0x00, 0x00, 0x00,
  0x00, 0x00, 0x00, 0x00, 0x00, 0x00, 0x00, 0x00, 0x5f, 0x5f, 0x73, 0x77,
  0x69, 0x66, 0x74, 0x5f, 0x61, 0x73, 0x5f, 0x72, 0x65, 0x74, 0x00, 0x00,
  0x5f, 0x5f, 0x54, 0x45, 0x58, 0x54, 0x00, 0x00, 0x00, 0x00, 0x00, 0x00,
  0x00, 0x00, 0x00, 0x00, 0x8c, 0x34, 0xa1, 0x03, 0x01, 0x00, 0x00, 0x00,
  0xa0, 0x01, 0x00, 0x00, 0x00, 0x00, 0x00, 0x00, 0x8c, 0x34, 0xa1, 0x03,
  0x02, 0x00, 0x00, 0x00, 0x00, 0x00, 0x00, 0x00, 0x00, 0x00, 0x00, 0x00,
  0x00, 0x00, 0x00, 0x00, 0x00, 0x00, 0x00, 0x00, 0x00, 0x00, 0x00, 0x00,
  0x00, 0x00, 0x00, 0x00, 0x5f, 0x5f, 0x73, 0x77, 0x69, 0x66, 0x74, 0x35,
  0x5f, 0x70, 0x72, 0x6f, 0x74, 0x6f, 0x73, 0x00, 0x5f, 0x5f, 0x54, 0x45,
  0x58, 0x54, 0x00, 0x00, 0x00, 0x00, 0x00, 0x00, 0x00, 0x00, 0x00, 0x00,
  0x2c, 0x36, 0xa1, 0x03, 0x01, 0x00, 0x00, 0x00, 0x20, 0x0f, 0x00, 0x00,
  0x00, 0x00, 0x00, 0x00, 0x2c, 0x36, 0xa1, 0x03, 0x02, 0x00, 0x00, 0x00,
  0x00, 0x00, 0x00, 0x00, 0x00, 0x00, 0x00, 0x00, 0x00, 0x00, 0x00, 0x00,
  0x00, 0x00, 0x00, 0x00, 0x00, 0x00, 0x00, 0x00, 0x00, 0x00, 0x00, 0x00,
  0x5f, 0x5f, 0x73, 0x77, 0x69, 0x66, 0x74, 0x35, 0x5f, 0x6d, 0x70, 0x65,
  0x6e, 0x75, 0x6d, 0x00, 0x5f, 0x5f, 0x54, 0x45, 0x58, 0x54, 0x00, 0x00,
  0x00, 0x00, 0x00, 0x00, 0x00, 0x00, 0x00, 0x00, 0x4c, 0x45, 0xa1, 0x03,
  0x01, 0x00, 0x00, 0x00, 0xf8, 0x04, 0x00, 0x00, 0x00, 0x00, 0x00, 0x00,
  0x4c, 0x45, 0xa1, 0x03, 0x02, 0x00, 0x00, 0x00, 0x00, 0x00, 0x00, 0x00,
  0x00, 0x00, 0x00, 0x00, 0x00, 0x00, 0x00, 0x00, 0x00, 0x00, 0x00, 0x00,
  0x00, 0x00, 0x00, 0x00, 0x00, 0x00, 0x00, 0x00, 0x5f, 0x5f, 0x75, 0x6e,
  0x77, 0x69, 0x6e, 0x64, 0x5f, 0x69, 0x6e, 0x66, 0x6f, 0x00, 0x00, 0x00,
  0x5f, 0x5f, 0x54, 0x45, 0x58, 0x54, 0x00, 0x00, 0x00, 0x00, 0x00, 0x00,
  0x00, 0x00, 0x00, 0x00, 0x44, 0x4a, 0xa1, 0x03, 0x01, 0x00, 0x00, 0x00,
  0xf0, 0x71, 0x0d, 0x00, 0x00, 0x00, 0x00, 0x00, 0x44, 0x4a, 0xa1, 0x03,
  0x02, 0x00, 0x00, 0x00, 0x00, 0x00, 0x00, 0x00, 0x00, 0x00, 0x00, 0x00,
  0x00, 0x00, 0x00, 0x00, 0x00, 0x00, 0x00, 0x00, 0x00, 0x00, 0x00, 0x00,
  0x00, 0x00, 0x00, 0x00, 0x5f, 0x5f, 0x65, 0x68, 0x5f, 0x66, 0x72, 0x61,
  0x6d, 0x65, 0x00, 0x00, 0x00, 0x00, 0x00, 0x00, 0x5f, 0x5f, 0x54, 0x45,
  0x58, 0x54, 0x00, 0x00, 0x00, 0x00, 0x00, 0x00, 0x00, 0x00, 0x00, 0x00,
  0x38, 0xbc, 0xae, 0x03, 0x01, 0x00, 0x00, 0x00, 0xf4, 0x9d, 0x06, 0x00,
  0x00, 0x00, 0x00, 0x00, 0x38, 0xbc, 0xae, 0x03, 0x03, 0x00, 0x00, 0x00,
  0x00, 0x00, 0x00, 0x00, 0x00, 0x00, 0x00, 0x00, 0x0b, 0x00, 0x00, 0x68,
  0x00, 0x00, 0x00, 0x00, 0x00, 0x00, 0x00, 0x00, 0x00, 0x00, 0x00, 0x00,
  0x5f, 0x5f, 0x6f, 0x73, 0x6c, 0x6f, 0x67, 0x73, 0x74, 0x72, 0x69, 0x6e,
  0x67, 0x00, 0x00, 0x00, 0x5f, 0x5f, 0x54, 0x45, 0x58, 0x54, 0x00, 0x00,
  0x00, 0x00, 0x00, 0x00, 0x00, 0x00, 0x00, 0x00, 0x00, 0x80, 0xb5, 0x03,
  0x01, 0x00, 0x00, 0x00, 0x5f, 0x00, 0x00, 0x00, 0x00, 0x00, 0x00, 0x00,
  0x00, 0x80, 0xb5, 0x03, 0x0e, 0x00, 0x00, 0x00, 0x00, 0x00, 0x00, 0x00,
  0x00, 0x00, 0x00, 0x00, 0x02, 0x00, 0x00, 0x00, 0x00, 0x00, 0x00, 0x00,
  0x00, 0x00, 0x00, 0x00, 0x00, 0x00, 0x00, 0x00, 0x19, 0x00, 0x00, 0x00,
  0x68, 0x03, 0x00, 0x00, 0x5f, 0x5f, 0x44, 0x41, 0x54, 0x41, 0x5f, 0x43,
  0x4f, 0x4e, 0x53, 0x54, 0x00, 0x00, 0x00, 0x00, 0x00, 0xc0, 0xb5, 0x03,
  0x01, 0x00, 0x00, 0x00, 0x00, 0x40, 0x27, 0x00, 0x00, 0x00, 0x00, 0x00,
  0x00, 0xc0, 0xb5, 0x03, 0x00, 0x00, 0x00, 0x00, 0x00, 0x40, 0x27, 0x00,
  0x00, 0x00, 0x00, 0x00, 0x03, 0x00, 0x00, 0x00, 0x03, 0x00, 0x00, 0x00,
  0x0a, 0x00, 0x00, 0x00, 0x10, 0x00, 0x00, 0x00, 0x5f, 0x5f, 0x67, 0x6f,
  0x74, 0x00, 0x00, 0x00, 0x00, 0x00, 0x00, 0x00, 0x00, 0x00, 0x00, 0x00,
  0x5f, 0x5f, 0x44, 0x41, 0x54, 0x41, 0x5f, 0x43, 0x4f, 0x4e, 0x53, 0x54,
  0x00, 0x00, 0x00, 0x00, 0x00, 0xc0, 0xb5, 0x03, 0x01, 0x00, 0x00, 0x00,
  0x40, 0x66, 0x00, 0x00, 0x00, 0x00, 0x00, 0x00, 0x00, 0xc0, 0xb5, 0x03,
  0x03, 0x00, 0x00, 0x00, 0x00, 0x00, 0x00, 0x00, 0x00, 0x00, 0x00, 0x00,
  0x06, 0x00, 0x00, 0x00, 0x99, 0x09, 0x00, 0x00, 0x00, 0x00, 0x00, 0x00,
  0x00, 0x00, 0x00, 0x00, 0x5f, 0x5f, 0x6d, 0x6f, 0x64, 0x5f, 0x69, 0x6e,
  0x69, 0x74, 0x5f, 0x66, 0x75, 0x6e, 0x63, 0x00, 0x5f, 0x5f, 0x44, 0x41,
  0x54, 0x41, 0x5f, 0x43, 0x4f, 0x4e, 0x53, 0x54, 0x00, 0x00, 0x00, 0x00,
  0x40, 0x26, 0xb6, 0x03, 0x01, 0x00, 0x00, 0x00, 0xa8, 0x4e, 0x00, 0x00,
  0x00, 0x00, 0x00, 0x00, 0x40, 0x26, 0xb6, 0x03, 0x03, 0x00, 0x00, 0x00,
  0x00, 0x00, 0x00, 0x00, 0x00, 0x00, 0x00, 0x00, 0x09, 0x00, 0x00, 0x00,
  0x00, 0x00, 0x00, 0x00, 0x00, 0x00, 0x00, 0x00, 0x00, 0x00, 0x00, 0x00,
  0x5f, 0x5f, 0x63, 0x6f, 0x6e, 0x73, 0x74, 0x00, 0x00, 0x00, 0x00, 0x00,
  0x00, 0x00, 0x00, 0x00, 0x5f, 0x5f, 0x44, 0x41, 0x54, 0x41, 0x5f, 0x43,
  0x4f, 0x4e, 0x53, 0x54, 0x00, 0x00, 0x00, 0x00, 0xf0, 0x74, 0xb6, 0x03,
  0x01, 0x00, 0x00, 0x00, 0x00, 0x0b, 0x16, 0x00, 0x00, 0x00, 0x00, 0x00,
  0xf0, 0x74, 0xb6, 0x03, 0x04, 0x00, 0x00, 0x00, 0x00, 0x00, 0x00, 0x00,
  0x00, 0x00, 0x00, 0x00, 0x00, 0x00, 0x00, 0x00, 0x00, 0x00, 0x00, 0x00,
  0x00, 0x00, 0x00, 0x00, 0x00, 0x00, 0x00, 0x00, 0x5f, 0x5f, 0x63, 0x66,
  0x73, 0x74, 0x72, 0x69, 0x6e, 0x67, 0x00, 0x00, 0x00, 0x00, 0x00, 0x00,
  0x5f, 0x5f, 0x44, 0x41, 0x54, 0x41, 0x5f, 0x43, 0x4f, 0x4e, 0x53, 0x54,
  0x00, 0x00, 0x00, 0x00, 0xf0, 0x7f, 0xcc, 0x03, 0x01, 0x00, 0x00, 0x00,
  0x60, 0x11, 0x0f, 0x00, 0x00, 0x00, 0x00, 0x00, 0xf0, 0x7f, 0xcc, 0x03,
  0x03, 0x00, 0x00, 0x00, 0x00, 0x00, 0x00, 0x00, 0x00, 0x00, 0x00, 0x00,
  0x00, 0x00, 0x00, 0x00, 0x00, 0x00, 0x00, 0x00, 0x00, 0x00, 0x00, 0x00,
  0x00, 0x00, 0x00, 0x00, 0x5f, 0x5f, 0x6f, 0x62, 0x6a, 0x63, 0x5f, 0x63,
  0x6c, 0x61, 0x73, 0x73, 0x6c, 0x69, 0x73, 0x74, 0x5f, 0x5f, 0x44, 0x41,
  0x54, 0x41, 0x5f, 0x43, 0x4f, 0x4e, 0x53, 0x54, 0x00, 0x00, 0x00, 0x00,
  0x50, 0x91, 0xdb, 0x03, 0x01, 0x00, 0x00, 0x00, 0xf8, 0xf4, 0x00, 0x00,
  0x00, 0x00, 0x00, 0x00, 0x50, 0x91, 0xdb, 0x03, 0x03, 0x00, 0x00, 0x00,
  0x00, 0x00, 0x00, 0x00, 0x00, 0x00, 0x00, 0x00, 0x00, 0x00, 0x00, 0x10,
  0x00, 0x00, 0x00, 0x00, 0x00, 0x00, 0x00, 0x00, 0x00, 0x00, 0x00, 0x00,
  0x5f, 0x5f, 0x6f, 0x62, 0x6a, 0x63, 0x5f, 0x6e, 0x6c, 0x63, 0x6c, 0x73,
  0x6c, 0x69, 0x73, 0x74, 0x5f, 0x5f, 0x44, 0x41, 0x54, 0x41, 0x5f, 0x43,
  0x4f, 0x4e, 0x53, 0x54, 0x00, 0x00, 0x00, 0x00, 0x48, 0x86, 0xdc, 0x03,
  0x01, 0x00, 0x00, 0x00, 0xe8, 0x00, 0x00, 0x00, 0x00, 0x00, 0x00, 0x00,
  0x48, 0x86, 0xdc, 0x03, 0x03, 0x00, 0x00, 0x00, 0x00, 0x00, 0x00, 0x00,
  0x00, 0x00, 0x00, 0x00, 0x00, 0x00, 0x00, 0x10, 0x00, 0x00, 0x00, 0x00,
  0x00, 0x00, 0x00, 0x00, 0x00, 0x00, 0x00, 0x00, 0x5f, 0x5f, 0x6f, 0x62,
  0x6a, 0x63, 0x5f, 0x63, 0x61, 0x74, 0x6c, 0x69, 0x73, 0x74, 0x00, 0x00,
  0x5f, 0x5f, 0x44, 0x41, 0x54, 0x41, 0x5f, 0x43, 0x4f, 0x4e, 0x53, 0x54,
  0x00, 0x00, 0x00, 0x00, 0x30, 0x87, 0xdc, 0x03, 0x01, 0x00, 0x00, 0x00,
  0x08, 0x03, 0x00, 0x00, 0x00, 0x00, 0x00, 0x00, 0x30, 0x87, 0xdc, 0x03,
  0x03, 0x00, 0x00, 0x00, 0x00, 0x00, 0x00, 0x00, 0x00, 0x00, 0x00, 0x00,
  0x00, 0x00, 0x00, 0x10, 0x00, 0x00, 0x00, 0x00, 0x00, 0x00, 0x00, 0x00,
  0x00, 0x00, 0x00, 0x00, 0x5f, 0x5f, 0x6f, 0x62, 0x6a, 0x63, 0x5f, 0x6e,
  0x6c, 0x63, 0x61, 0x74, 0x6c, 0x69, 0x73, 0x74, 0x5f, 0x5f, 0x44, 0x41,
  0x54, 0x41, 0x5f, 0x43, 0x4f, 0x4e, 0x53, 0x54, 0x00, 0x00, 0x00, 0x00,
  0x38, 0x8a, 0xdc, 0x03, 0x01, 0x00, 0x00, 0x00, 0x40, 0x00, 0x00, 0x00,
  0x00, 0x00, 0x00, 0x00, 0x38, 0x8a, 0xdc, 0x03, 0x03, 0x00, 0x00, 0x00,
  0x00, 0x00, 0x00, 0x00, 0x00, 0x00, 0x00, 0x00, 0x00, 0x00, 0x00, 0x10,
  0x00, 0x00, 0x00, 0x00, 0x00, 0x00, 0x00, 0x00, 0x00, 0x00, 0x00, 0x00,
  0x5f, 0x5f, 0x6f, 0x62, 0x6a, 0x63, 0x5f, 0x70, 0x72, 0x6f, 0x74, 0x6f,
  0x6c, 0x69, 0x73, 0x74, 0x5f, 0x5f, 0x44, 0x41, 0x54, 0x41, 0x5f, 0x43,
  0x4f, 0x4e, 0x53, 0x54, 0x00, 0x00, 0x00, 0x00, 0x78, 0x8a, 0xdc, 0x03,
  0x01, 0x00, 0x00, 0x00, 0xb8, 0x3a, 0x00, 0x00, 0x00, 0x00, 0x00, 0x00,
  0x78, 0x8a, 0xdc, 0x03, 0x03, 0x00, 0x00, 0x00, 0x00, 0x00, 0x00, 0x00,
  0x00, 0x00, 0x00, 0x00, 0x00, 0x00, 0x00, 0x00, 0x00, 0x00, 0x00, 0x00,
  0x00, 0x00, 0x00, 0x00, 0x00, 0x00, 0x00, 0x00, 0x5f, 0x5f, 0x6f, 0x62,
  0x6a, 0x63, 0x5f, 0x69, 0x6d, 0x61, 0x67, 0x65, 0x69, 0x6e, 0x66, 0x6f,
  0x5f, 0x5f, 0x44, 0x41, 0x54, 0x41, 0x5f, 0x43, 0x4f, 0x4e, 0x53, 0x54,
  0x00, 0x00, 0x00, 0x00, 0x30, 0xc5, 0xdc, 0x03, 0x01, 0x00, 0x00, 0x00,
  0x08, 0x00, 0x00, 0x00, 0x00, 0x00, 0x00, 0x00, 0x30, 0xc5, 0xdc, 0x03,
  0x02, 0x00, 0x00, 0x00, 0x00, 0x00, 0x00, 0x00, 0x00, 0x00, 0x00, 0x00,
  0x00, 0x00, 0x00, 0x00, 0x00, 0x00, 0x00, 0x00, 0x00, 0x00, 0x00, 0x00,
  0x00, 0x00, 0x00, 0x00, 0x19, 0x00, 0x00, 0x00, 0xd8, 0x06, 0x00, 0x00,
  0x5f, 0x5f, 0x44, 0x41, 0x54, 0x41, 0x00, 0x00, 0x00, 0x00, 0x00, 0x00,
  0x00, 0x00, 0x00, 0x00, 0x00, 0x00, 0xdd, 0x03, 0x01, 0x00, 0x00, 0x00,
  0x00, 0xc0, 0xd4, 0x00, 0x00, 0x00, 0x00, 0x00, 0x00, 0x00, 0xdd, 0x03,
  0x00, 0x00, 0x00, 0x00, 0x00, 0x40, 0x89, 0x00, 0x00, 0x00, 0x00, 0x00,
  0x03, 0x00, 0x00, 0x00, 0x03, 0x00, 0x00, 0x00, 0x15, 0x00, 0x00, 0x00,
  0x00, 0x00, 0x00, 0x00, 0x5f, 0x5f, 0x6c, 0x61, 0x5f, 0x73, 0x79, 0x6d,
  0x62, 0x6f, 0x6c, 0x5f, 0x70, 0x74, 0x72, 0x00, 0x5f, 0x5f, 0x44, 0x41,
  0x54, 0x41, 0x00, 0x00, 0x00, 0x00, 0x00, 0x00, 0x00, 0x00, 0x00, 0x00,
  0x00, 0x00, 0xdd, 0x03, 0x01, 0x00, 0x00, 0x00, 0x50, 0x4c, 0x00, 0x00,
  0x00, 0x00, 0x00, 0x00, 0x00, 0x00, 0xdd, 0x03, 0x03, 0x00, 0x00, 0x00,
  0x00, 0x00, 0x00, 0x00, 0x00, 0x00, 0x00, 0x00, 0x07, 0x00, 0x00, 0x00,
  0x61, 0x16, 0x00, 0x00, 0x00, 0x00, 0x00, 0x00, 0x00, 0x00, 0x00, 0x00,
  0x5f, 0x5f, 0x6f, 0x62, 0x6a, 0x63, 0x5f, 0x63, 0x6f, 0x6e, 0x73, 0x74,
  0x00, 0x00, 0x00, 0x00, 0x5f, 0x5f, 0x44, 0x41, 0x54, 0x41, 0x00, 0x00,
  0x00, 0x00, 0x00, 0x00, 0x00, 0x00, 0x00, 0x00, 0x50, 0x4c, 0xdd, 0x03,
  0x01, 0x00, 0x00, 0x00, 0x70, 0x45, 0x5a, 0x00, 0x00, 0x00, 0x00, 0x00,
  0x50, 0x4c, 0xdd, 0x03, 0x03, 0x00, 0x00, 0x00, 0x00, 0x00, 0x00, 0x00,
  0x00, 0x00, 0x00, 0x00, 0x00, 0x00, 0x00, 0x00, 0x00, 0x00, 0x00, 0x00,
  0x00, 0x00, 0x00, 0x00, 0x00, 0x00, 0x00, 0x00, 0x5f, 0x5f, 0x6f, 0x62,
  0x6a, 0x63, 0x5f, 0x73, 0x65, 0x6c, 0x72, 0x65, 0x66, 0x73, 0x00, 0x00,
  0x5f, 0x5f, 0x44, 0x41, 0x54, 0x41, 0x00, 0x00, 0x00, 0x00, 0x00, 0x00,
  0x00, 0x00, 0x00, 0x00, 0xc0, 0x91, 0x37, 0x04, 0x01, 0x00, 0x00, 0x00,
  0xb8, 0xfb, 0x06, 0x00, 0x00, 0x00, 0x00, 0x00, 0xc0, 0x91, 0x37, 0x04,
  0x03, 0x00, 0x00, 0x00, 0x00, 0x00, 0x00, 0x00, 0x00, 0x00, 0x00, 0x00,
  0x05, 0x00, 0x00, 0x10, 0x00, 0x00, 0x00, 0x00, 0x00, 0x00, 0x00, 0x00,
  0x00, 0x00, 0x00, 0x00, 0x5f, 0x5f, 0x6f, 0x62, 0x6a, 0x63, 0x5f, 0x70,
  0x72, 0x6f, 0x74, 0x6f, 0x72, 0x65, 0x66, 0x73, 0x5f, 0x5f, 0x44, 0x41,
  0x54, 0x41, 0x00, 0x00, 0x00, 0x00, 0x00, 0x00, 0x00, 0x00, 0x00, 0x00,
  0x78, 0x8d, 0x3e, 0x04, 0x01, 0x00, 0x00, 0x00, 0xf0, 0x0d, 0x00, 0x00,
  0x00, 0x00, 0x00, 0x00, 0x78, 0x8d, 0x3e, 0x04, 0x03, 0x00, 0x00, 0x00,
  0x00, 0x00, 0x00, 0x00, 0x00, 0x00, 0x00, 0x00, 0x0b, 0x00, 0x00, 0x10,
  0x00, 0x00, 0x00, 0x00, 0x00, 0x00, 0x00, 0x00, 0x00, 0x00, 0x00, 0x00,
  0x5f, 0x5f, 0x6f, 0x62, 0x6a, 0x63, 0x5f, 0x63, 0x6c, 0x61, 0x73, 0x73,
  0x72, 0x65, 0x66, 0x73, 0x5f, 0x5f, 0x44, 0x41, 0x54, 0x41, 0x00, 0x00,
  0x00, 0x00, 0x00, 0x00, 0x00, 0x00, 0x00, 0x00, 0x68, 0x9b, 0x3e, 0x04,
  0x01, 0x00, 0x00, 0x00, 0xf8, 0xbc, 0x00, 0x00, 0x00, 0x00, 0x00, 0x00,
  0x68, 0x9b, 0x3e, 0x04, 0x03, 0x00, 0x00, 0x00, 0x00, 0x00, 0x00, 0x00,
  0x00, 0x00, 0x00, 0x00, 0x00, 0x00, 0x00, 0x10, 0x00, 0x00, 0x00, 0x00,
  0x00, 0x00, 0x00, 0x00, 0x00, 0x00, 0x00, 0x00, 0x5f, 0x5f, 0x6f, 0x62,
  0x6a, 0x63, 0x5f, 0x73, 0x75, 0x70, 0x65, 0x72, 0x72, 0x65, 0x66, 0x73,
  0x5f, 0x5f, 0x44, 0x41, 0x54, 0x41, 0x00, 0x00, 0x00, 0x00, 0x00, 0x00,
  0x00, 0x00, 0x00, 0x00, 0x60, 0x58, 0x3f, 0x04, 0x01, 0x00, 0x00, 0x00,
  0x58, 0x8c, 0x00, 0x00, 0x00, 0x00, 0x00, 0x00, 0x60, 0x58, 0x3f, 0x04,
  0x03, 0x00, 0x00, 0x00, 0x00, 0x00, 0x00, 0x00, 0x00, 0x00, 0x00, 0x00,
  0x00, 0x00, 0x00, 0x10, 0x00, 0x00, 0x00, 0x00, 0x00, 0x00, 0x00, 0x00,
  0x00, 0x00, 0x00, 0x00, 0x5f, 0x5f, 0x6f, 0x62, 0x6a, 0x63, 0x5f, 0x69,
  0x76, 0x61, 0x72, 0x00, 0x00, 0x00, 0x00, 0x00, 0x5f, 0x5f, 0x44, 0x41,
  0x54, 0x41, 0x00, 0x00, 0x00, 0x00, 0x00, 0x00, 0x00, 0x00, 0x00, 0x00,
  0xb8, 0xe4, 0x3f, 0x04, 0x01, 0x00, 0x00, 0x00, 0xf8, 0xff, 0x01, 0x00,
  0x00, 0x00, 0x00, 0x00, 0xb8, 0xe4, 0x3f, 0x04, 0x02, 0x00, 0x00, 0x00,
  0x00, 0x00, 0x00, 0x00, 0x00, 0x00, 0x00, 0x00, 0x00, 0x00, 0x00, 0x00,
  0x00, 0x00, 0x00, 0x00, 0x00, 0x00, 0x00, 0x00, 0x00, 0x00, 0x00, 0x00,
  0x5f, 0x5f, 0x6f, 0x62, 0x6a, 0x63, 0x5f, 0x64, 0x61, 0x74, 0x61, 0x00,
  0x00, 0x00, 0x00, 0x00, 0x5f, 0x5f, 0x44, 0x41, 0x54, 0x41, 0x00, 0x00,
  0x00, 0x00, 0x00, 0x00, 0x00, 0x00, 0x00, 0x00, 0xb0, 0xe4, 0x41, 0x04,
  0x01, 0x00, 0x00, 0x00, 0x10, 0x75, 0x0f, 0x00, 0x00, 0x00, 0x00, 0x00,
  0xb0, 0xe4, 0x41, 0x04, 0x03, 0x00, 0x00, 0x00, 0x00, 0x00, 0x00, 0x00,
  0x00, 0x00, 0x00, 0x00, 0x00, 0x00, 0x00, 0x00, 0x00, 0x00, 0x00, 0x00,
  0x00, 0x00, 0x00, 0x00, 0x00, 0x00, 0x00, 0x00, 0x5f, 0x5f, 0x64, 0x61,
  0x74, 0x61, 0x00, 0x00, 0x00, 0x00, 0x00, 0x00, 0x00, 0x00, 0x00, 0x00,
  0x5f, 0x5f, 0x44, 0x41, 0x54, 0x41, 0x00, 0x00, 0x00, 0x00, 0x00, 0x00,
  0x00, 0x00, 0x00, 0x00, 0xc0, 0x59, 0x51, 0x04, 0x01, 0x00, 0x00, 0x00,
  0x88, 0xa8, 0x14, 0x00, 0x00, 0x00, 0x00, 0x00, 0xc0, 0x59, 0x51, 0x04,
  0x04, 0x00, 0x00, 0x00, 0x00, 0x00, 0x00, 0x00, 0x00, 0x00, 0x00, 0x00,
  0x00, 0x00, 0x00, 0x00, 0x00, 0x00, 0x00, 0x00, 0x00, 0x00, 0x00, 0x00,
  0x00, 0x00, 0x00, 0x00, 0x5f, 0x5f, 0x6c, 0x6c, 0x76, 0x6d, 0x5f, 0x70,
  0x72, 0x66, 0x5f, 0x63, 0x6e, 0x74, 0x73, 0x00, 0x5f, 0x5f, 0x44, 0x41,
  0x54, 0x41, 0x00, 0x00, 0x00, 0x00, 0x00, 0x00, 0x00, 0x00, 0x00, 0x00,
  0x48, 0x02, 0x66, 0x04, 0x01, 0x00, 0x00, 0x00, 0x40, 0x03, 0x00, 0x00,
  0x00, 0x00, 0x00, 0x00, 0x48, 0x02, 0x66, 0x04, 0x03, 0x00, 0x00, 0x00,
  0x00, 0x00, 0x00, 0x00, 0x00, 0x00, 0x00, 0x00, 0x00, 0x00, 0x00, 0x00,
  0x00, 0x00, 0x00, 0x00, 0x00, 0x00, 0x00, 0x00, 0x00, 0x00, 0x00, 0x00,
  0x5f, 0x5f, 0x6c, 0x6c, 0x76, 0x6d, 0x5f, 0x70, 0x72, 0x66, 0x5f, 0x64,
  0x61, 0x74, 0x61, 0x00, 0x5f, 0x5f, 0x44, 0x41, 0x54, 0x41, 0x00, 0x00,
  0x00, 0x00, 0x00, 0x00, 0x00, 0x00, 0x00, 0x00, 0x88, 0x05, 0x66, 0x04,
  0x01, 0x00, 0x00, 0x00, 0x60, 0x0c, 0x00, 0x00, 0x00, 0x00, 0x00, 0x00,
  0x88, 0x05, 0x66, 0x04, 0x03, 0x00, 0x00, 0x00, 0x00, 0x00, 0x00, 0x00,
  0x00, 0x00, 0x00, 0x00, 0x00, 0x00, 0x00, 0x00, 0x00, 0x00, 0x00, 0x00,
  0x00, 0x00, 0x00, 0x00, 0x00, 0x00, 0x00, 0x00, 0x5f, 0x5f, 0x6c, 0x6c,
  0x76, 0x6d, 0x5f, 0x70, 0x72, 0x66, 0x5f, 0x6e, 0x61, 0x6d, 0x65, 0x73,
  0x5f, 0x5f, 0x44, 0x41, 0x54, 0x41, 0x00, 0x00, 0x00, 0x00, 0x00, 0x00,
  0x00, 0x00, 0x00, 0x00, 0xe8, 0x11, 0x66, 0x04, 0x01, 0x00, 0x00, 0x00,
  0x62, 0x09, 0x00, 0x00, 0x00, 0x00, 0x00, 0x00, 0xe8, 0x11, 0x66, 0x04,
  0x00, 0x00, 0x00, 0x00, 0x00, 0x00, 0x00, 0x00, 0x00, 0x00, 0x00, 0x00,
  0x00, 0x00, 0x00, 0x00, 0x00, 0x00, 0x00, 0x00, 0x00, 0x00, 0x00, 0x00,
  0x00, 0x00, 0x00, 0x00, 0x5f, 0x5f, 0x6f, 0x62, 0x6a, 0x63, 0x5f, 0x73,
  0x74, 0x75, 0x62, 0x6c, 0x69, 0x73, 0x74, 0x00, 0x5f, 0x5f, 0x44, 0x41,
  0x54, 0x41, 0x00, 0x00, 0x00, 0x00, 0x00, 0x00, 0x00, 0x00, 0x00, 0x00,
  0x50, 0x1b, 0x66, 0x04, 0x01, 0x00, 0x00, 0x00, 0x80, 0x00, 0x00, 0x00,
  0x00, 0x00, 0x00, 0x00, 0x50, 0x1b, 0x66, 0x04, 0x03, 0x00, 0x00, 0x00,
  0x00, 0x00, 0x00, 0x00, 0x00, 0x00, 0x00, 0x00, 0x00, 0x00, 0x00, 0x00,
  0x00, 0x00, 0x00, 0x00, 0x00, 0x00, 0x00, 0x00, 0x00, 0x00, 0x00, 0x00,
  0x5f, 0x5f, 0x73, 0x77, 0x69, 0x66, 0x74, 0x5f, 0x68, 0x6f, 0x6f, 0x6b,
  0x73, 0x00, 0x00, 0x00, 0x5f, 0x5f, 0x44, 0x41, 0x54, 0x41, 0x00, 0x00,
  0x00, 0x00, 0x00, 0x00, 0x00, 0x00, 0x00, 0x00, 0xd0, 0x1b, 0x66, 0x04,
  0x01, 0x00, 0x00, 0x00, 0xb8, 0x00, 0x00, 0x00, 0x00, 0x00, 0x00, 0x00,
  0xd0, 0x1b, 0x66, 0x04, 0x03, 0x00, 0x00, 0x00, 0x00, 0x00, 0x00, 0x00,
  0x00, 0x00, 0x00, 0x00, 0x00, 0x00, 0x00, 0x00, 0x00, 0x00, 0x00, 0x00,
  0x00, 0x00, 0x00, 0x00, 0x00, 0x00, 0x00, 0x00, 0x5f, 0x5f, 0x73, 0x77,
  0x69, 0x66, 0x74, 0x35, 0x31, 0x5f, 0x68, 0x6f, 0x6f, 0x6b, 0x73, 0x00,
  0x5f, 0x5f, 0x44, 0x41, 0x54, 0x41, 0x00, 0x00, 0x00, 0x00, 0x00, 0x00,
  0x00, 0x00, 0x00, 0x00, 0x88, 0x1c, 0x66, 0x04, 0x01, 0x00, 0x00, 0x00,
  0xb8, 0x00, 0x00, 0x00, 0x00, 0x00, 0x00, 0x00, 0x88, 0x1c, 0x66, 0x04,
  0x03, 0x00, 0x00, 0x00, 0x00, 0x00, 0x00, 0x00, 0x00, 0x00, 0x00, 0x00,
  0x00, 0x00, 0x00, 0x00, 0x00, 0x00, 0x00, 0x00, 0x00, 0x00, 0x00, 0x00,
  0x00, 0x00, 0x00, 0x00, 0x5f, 0x5f, 0x73, 0x5f, 0x61, 0x73, 0x79, 0x6e,
  0x63, 0x5f, 0x68, 0x6f, 0x6f, 0x6b, 0x00, 0x00, 0x5f, 0x5f, 0x44, 0x41,
  0x54, 0x41, 0x00, 0x00, 0x00, 0x00, 0x00, 0x00, 0x00, 0x00, 0x00, 0x00,
  0x40, 0x1d, 0x66, 0x04, 0x01, 0x00, 0x00, 0x00, 0x90, 0x01, 0x00, 0x00,
  0x00, 0x00, 0x00, 0x00, 0x40, 0x1d, 0x66, 0x04, 0x03, 0x00, 0x00, 0x00,
  0x00, 0x00, 0x00, 0x00, 0x00, 0x00, 0x00, 0x00, 0x00, 0x00, 0x00, 0x00,
  0x00, 0x00, 0x00, 0x00, 0x00, 0x00, 0x00, 0x00, 0x00, 0x00, 0x00, 0x00,
  0x5f, 0x5f, 0x73, 0x77, 0x69, 0x66, 0x74, 0x35, 0x36, 0x5f, 0x68, 0x6f,
  0x6f, 0x6b, 0x73, 0x00, 0x5f, 0x5f, 0x44, 0x41, 0x54, 0x41, 0x00, 0x00,
  0x00, 0x00, 0x00, 0x00, 0x00, 0x00, 0x00, 0x00, 0xd0, 0x1e, 0x66, 0x04,
  0x01, 0x00, 0x00, 0x00, 0xb0, 0x00, 0x00, 0x00, 0x00, 0x00, 0x00, 0x00,
  0xd0, 0x1e, 0x66, 0x04, 0x03, 0x00, 0x00, 0x00, 0x00, 0x00, 0x00, 0x00,
  0x00, 0x00, 0x00, 0x00, 0x00, 0x00, 0x00, 0x00, 0x00, 0x00, 0x00, 0x00,
  0x00, 0x00, 0x00, 0x00, 0x00, 0x00, 0x00, 0x00, 0x5f, 0x5f, 0x74, 0x68,
  0x72, 0x65, 0x61, 0x64, 0x5f, 0x76, 0x61, 0x72, 0x73, 0x00, 0x00, 0x00,
  0x5f, 0x5f, 0x44, 0x41, 0x54, 0x41, 0x00, 0x00, 0x00, 0x00, 0x00, 0x00,
  0x00, 0x00, 0x00, 0x00, 0x80, 0x1f, 0x66, 0x04, 0x01, 0x00, 0x00, 0x00,
  0x50, 0x01, 0x00, 0x00, 0x00, 0x00, 0x00, 0x00, 0x80, 0x1f, 0x66, 0x04,
  0x03, 0x00, 0x00, 0x00, 0x00, 0x00, 0x00, 0x00, 0x00, 0x00, 0x00, 0x00,
  0x13, 0x00, 0x00, 0x00, 0x00, 0x00, 0x00, 0x00, 0x00, 0x00, 0x00, 0x00,
  0x00, 0x00, 0x00, 0x00, 0x5f, 0x5f, 0x74, 0x68, 0x72, 0x65, 0x61, 0x64,
  0x5f, 0x62, 0x73, 0x73, 0x00, 0x00, 0x00, 0x00, 0x5f, 0x5f, 0x44, 0x41,
  0x54, 0x41, 0x00, 0x00, 0x00, 0x00, 0x00, 0x00, 0x00, 0x00, 0x00, 0x00,
  0xd0, 0x20, 0x66, 0x04, 0x01, 0x00, 0x00, 0x00, 0x70, 0x00, 0x00, 0x00,
  0x00, 0x00, 0x00, 0x00, 0x00, 0x00, 0x00, 0x00, 0x03, 0x00, 0x00, 0x00,
  0x00, 0x00, 0x00, 0x00, 0x00, 0x00, 0x00, 0x00, 0x12, 0x00, 0x00, 0x00,
  0x00, 0x00, 0x00, 0x00, 0x00, 0x00, 0x00, 0x00, 0x00, 0x00, 0x00, 0x00,
  0x5f, 0x5f, 0x62, 0x73, 0x73, 0x00, 0x00, 0x00, 0x00, 0x00, 0x00, 0x00,
  0x00, 0x00, 0x00, 0x00, 0x5f, 0x5f, 0x44, 0x41, 0x54, 0x41, 0x00, 0x00,
  0x00, 0x00, 0x00, 0x00, 0x00, 0x00, 0x00, 0x00, 0x40, 0x21, 0x66, 0x04,
  0x01, 0x00, 0x00, 0x00, 0x08, 0x14, 0x49, 0x00, 0x00, 0x00, 0x00, 0x00,
  0x00, 0x00, 0x00, 0x00, 0x06, 0x00, 0x00, 0x00, 0x00, 0x00, 0x00, 0x00,
  0x00, 0x00, 0x00, 0x00, 0x01, 0x00, 0x00, 0x00, 0x00, 0x00, 0x00, 0x00,
  0x00, 0x00, 0x00, 0x00, 0x00, 0x00, 0x00, 0x00, 0x5f, 0x5f, 0x63, 0x6f,
  0x6d, 0x6d, 0x6f, 0x6e, 0x00, 0x00, 0x00, 0x00, 0x00, 0x00, 0x00, 0x00,
  0x5f, 0x5f, 0x44, 0x41, 0x54, 0x41, 0x00, 0x00, 0x00, 0x00, 0x00, 0x00,
  0x00, 0x00, 0x00, 0x00, 0x00, 0x38, 0xaf, 0x04, 0x01, 0x00, 0x00, 0x00,
  0x68, 0x49, 0x02, 0x00, 0x00, 0x00, 0x00, 0x00, 0x00, 0x00, 0x00, 0x00,
  0x0a, 0x00, 0x00, 0x00, 0x00, 0x00, 0x00, 0x00, 0x00, 0x00, 0x00, 0x00,
  0x01, 0x00, 0x00, 0x00, 0x00, 0x00, 0x00, 0x00, 0x00, 0x00, 0x00, 0x00,
  0x00, 0x00, 0x00, 0x00, 0x19, 0x00, 0x00, 0x00, 0xe8, 0x00, 0x00, 0x00,
  0x5f, 0x5f, 0x4c, 0x4c, 0x56, 0x4d, 0x5f, 0x43, 0x4f, 0x56, 0x00, 0x00,
  0x00, 0x00, 0x00, 0x00, 0x00, 0xc0, 0xb1, 0x04, 0x01, 0x00, 0x00, 0x00,
  0x00, 0x40, 0x00, 0x00, 0x00, 0x00, 0x00, 0x00, 0x00, 0x40, 0x66, 0x04,
  0x00, 0x00, 0x00, 0x00, 0x00, 0x40, 0x00, 0x00, 0x00, 0x00, 0x00, 0x00,
  0x03, 0x00, 0x00, 0x00, 0x03, 0x00, 0x00, 0x00, 0x02, 0x00, 0x00, 0x00,
  0x00, 0x00, 0x00, 0x00, 0x5f, 0x5f, 0x6c, 0x6c, 0x76, 0x6d, 0x5f, 0x63,
  0x6f, 0x76, 0x66, 0x75, 0x6e, 0x00, 0x00, 0x00, 0x5f, 0x5f, 0x4c, 0x4c,
  0x56, 0x4d, 0x5f, 0x43, 0x4f, 0x56, 0x00, 0x00, 0x00, 0x00, 0x00, 0x00,
  0x00, 0xc0, 0xb1, 0x04, 0x01, 0x00, 0x00, 0x00, 0xef, 0x0c, 0x00, 0x00,
  0x00, 0x00, 0x00, 0x00, 0x00, 0x40, 0x66, 0x04, 0x03, 0x00, 0x00, 0x00,
  0x00, 0x00, 0x00, 0x00, 0x00, 0x00, 0x00, 0x00, 0x00, 0x00, 0x00, 0x00,
  0x00, 0x00, 0x00, 0x00, 0x00, 0x00, 0x00, 0x00, 0x00, 0x00, 0x00, 0x00,
  0x5f, 0x5f, 0x6c, 0x6c, 0x76, 0x6d, 0x5f, 0x63, 0x6f, 0x76, 0x6d, 0x61,
  0x70, 0x00, 0x00, 0x00, 0x5f, 0x5f, 0x4c, 0x4c, 0x56, 0x4d, 0x5f, 0x43,
  0x4f, 0x56, 0x00, 0x00, 0x00, 0x00, 0x00, 0x00, 0xf0, 0xcc, 0xb1, 0x04,
  0x01, 0x00, 0x00, 0x00, 0x04, 0x03, 0x00, 0x00, 0x00, 0x00, 0x00, 0x00,
  0xf0, 0x4c, 0x66, 0x04, 0x03, 0x00, 0x00, 0x00, 0x00, 0x00, 0x00, 0x00,
  0x00, 0x00, 0x00, 0x00, 0x00, 0x00, 0x00, 0x00, 0x00, 0x00, 0x00, 0x00,
  0x00, 0x00, 0x00, 0x00, 0x00, 0x00, 0x00, 0x00, 0x19, 0x00, 0x00, 0x00,
  0x48, 0x00, 0x00, 0x00, 0x5f, 0x5f, 0x4c, 0x49, 0x4e, 0x4b, 0x45, 0x44,
  0x49, 0x54, 0x00, 0x00, 0x00, 0x00, 0x00, 0x00, 0x00, 0x00, 0xb2, 0x04,
  0x01, 0x00, 0x00, 0x00, 0x00, 0xc0, 0x49, 0x00, 0x00, 0x00, 0x00, 0x00,
  0x00, 0x80, 0x66, 0x04, 0x00, 0x00, 0x00, 0x00, 0xb0, 0x9f, 0x49, 0x00,
  0x00, 0x00, 0x00, 0x00, 0x01, 0x00, 0x00, 0x00, 0x01, 0x00, 0x00, 0x00,
  0x00, 0x00, 0x00, 0x00, 0x00, 0x00, 0x00, 0x00, 0x22, 0x00, 0x00, 0x80,
  0x30, 0x00, 0x00, 0x00, 0x00, 0x80, 0x66, 0x04, 0x00, 0xca, 0x04, 0x00,
  0x00, 0x4a, 0x6b, 0x04, 0xe8, 0x64, 0x02, 0x00, 0xe8, 0xae, 0x6d, 0x04,
  0x08, 0x09, 0x00, 0x00, 0xf0, 0xb7, 0x6d, 0x04, 0xa8, 0xaf, 0x01, 0x00,
  0x98, 0x67, 0x6f, 0x04, 0xa8, 0x52, 0x19, 0x00, 0x02, 0x00, 0x00, 0x00,
  0x18, 0x00, 0x00, 0x00, 0x98, 0x4a, 0x8e, 0x04, 0x39, 0x10, 0x00, 0x00,
  0xd8, 0xcd, 0x8f, 0x04, 0xe0, 0x4c, 0x02, 0x00, 0x0b, 0x00, 0x00, 0x00,
  0x50, 0x00, 0x00, 0x00, 0x00, 0x00, 0x00, 0x00, 0x01, 0x00, 0x00, 0x00,
  0x01, 0x00, 0x00, 0x00, 0x5d, 0x00, 0x00, 0x00, 0x5e, 0x00, 0x00, 0x00,
  0xdb, 0x0f, 0x00, 0x00, 0x00, 0x00, 0x00, 0x00, 0x00, 0x00, 0x00, 0x00,
  0x00, 0x00, 0x00, 0x00, 0x00, 0x00, 0x00, 0x00, 0x00, 0x00, 0x00, 0x00,
  0x00, 0x00, 0x00, 0x00, 0x28, 0x4e, 0x8f, 0x04, 0xeb, 0x1f, 0x00, 0x00,
  0x00, 0x00, 0x00, 0x00, 0x00, 0x00, 0x00, 0x00, 0x00, 0x00, 0x00, 0x00,
  0x00, 0x00, 0x00, 0x00, 0x0e, 0x00, 0x00, 0x00, 0x20, 0x00, 0x00, 0x00,
  0x0c, 0x00, 0x00, 0x00, 0x2f, 0x75, 0x73, 0x72, 0x2f, 0x6c, 0x69, 0x62,
  0x2f, 0x64, 0x79, 0x6c, 0x64, 0x00, 0x00, 0x00, 0x00, 0x00, 0x00, 0x00,
  0x1b, 0x00, 0x00, 0x00, 0x18, 0x00, 0x00, 0x00, 0xf7, 0x05, 0x45, 0xe0,
  0xa2, 0x60, 0x30, 0xc1, 0x98, 0xeb, 0x59, 0xd1, 0x47, 0x03, 0x36, 0xf5,
  0x32, 0x00, 0x00, 0x00, 0x20, 0x00, 0x00, 0x00, 0x02, 0x00, 0x00, 0x00,
  0x00, 0x00, 0x0d, 0x00, 0x00, 0x02, 0x1a, 0x00, 0x01, 0x00, 0x00, 0x00,
  0x03, 0x00, 0x00, 0x00, 0x00, 0x01, 0xce, 0x04, 0x2a, 0x00, 0x00, 0x00,
  0x10, 0x00, 0x00, 0x00, 0x00, 0x00, 0x00, 0x00, 0x00, 0x00, 0x00, 0x00,
  0x28, 0x00, 0x00, 0x80, 0x18, 0x00, 0x00, 0x00, 0xa4, 0x6f, 0x03, 0x00,
  0x00, 0x00, 0x00, 0x00, 0x00, 0x00, 0x00, 0x00, 0x00, 0x00, 0x00, 0x00,
  0x2c, 0x00, 0x00, 0x00, 0x18, 0x00, 0x00, 0x00, 0x00, 0x40, 0x00, 0x00,
  0x00, 0x40, 0xb5, 0x03, 0x00, 0x00, 0x00, 0x00, 0x00, 0x00, 0x00, 0x00,
  0x0c, 0x00, 0x00, 0x00, 0x30, 0x00, 0x00, 0x00, 0x18, 0x00, 0x00, 0x00,
  0x02, 0x00, 0x00, 0x00, 0x0c, 0x02, 0x01, 0x00, 0x00, 0x00, 0x01, 0x00,
  0x2f, 0x75, 0x73, 0x72, 0x2f, 0x6c, 0x69, 0x62, 0x2f, 0x6c, 0x69, 0x62,
  0x7a, 0x2e, 0x31, 0x2e, 0x64, 0x79, 0x6c, 0x69, 0x62, 0x00, 0x00, 0x00,
  0x0c, 0x00, 0x00, 0x00, 0x38, 0x00, 0x00, 0x00, 0x18, 0x00, 0x00, 0x00,
  0x02, 0x00, 0x00, 0x00, 0x00, 0x00, 0x01, 0x00, 0x00, 0x00, 0x01, 0x00,
  0x2f, 0x75, 0x73, 0x72, 0x2f, 0x6c, 0x69, 0x62, 0x2f, 0x6c, 0x69, 0x62,
  0x72, 0x65, 0x73, 0x6f, 0x6c, 0x76, 0x2e, 0x39, 0x2e, 0x64, 0x79, 0x6c,
  0x69, 0x62, 0x00, 0x00, 0x00, 0x00, 0x00, 0x00, 0x0c, 0x00, 0x00, 0x00,
  0x38, 0x00, 0x00, 0x00, 0x18, 0x00, 0x00, 0x00, 0x02, 0x00, 0x00, 0x00,
  0x00, 0x43, 0xd0, 0x07, 0x00, 0x00, 0x01, 0x00, 0x2f, 0x75, 0x73, 0x72,
  0x2f, 0x6c, 0x69, 0x62, 0x2f, 0x6c, 0x69, 0x62, 0x63, 0x2b, 0x2b, 0x61,
  0x62, 0x69, 0x2e, 0x64, 0x79, 0x6c, 0x69, 0x62, 0x00, 0x00, 0x00, 0x00,
  0x00, 0x00, 0x00, 0x00, 0x0c, 0x00, 0x00, 0x00, 0x38, 0x00, 0x00, 0x00,
  0x18, 0x00, 0x00, 0x00, 0x02, 0x00, 0x00, 0x00, 0x08, 0x00, 0x01, 0x00,
  0x00, 0x00, 0x01, 0x00, 0x2f, 0x75, 0x73, 0x72, 0x2f, 0x6c, 0x69, 0x62,
  0x2f, 0x6c, 0x69, 0x62, 0x62, 0x7a, 0x32, 0x2e, 0x31, 0x2e, 0x30, 0x2e,
  0x64, 0x79, 0x6c, 0x69, 0x62, 0x00, 0x00, 0x00, 0x00, 0x00, 0x00, 0x00,
  0x0c, 0x00, 0x00, 0x00, 0x38, 0x00, 0x00, 0x00, 0x18, 0x00, 0x00, 0x00,
  0x02, 0x00, 0x00, 0x00, 0x00, 0x00, 0x7c, 0x01, 0x00, 0x00, 0x09, 0x00,
  0x2f, 0x75, 0x73, 0x72, 0x2f, 0x6c, 0x69, 0x62, 0x2f, 0x6c, 0x69, 0x62,
  0x73, 0x71, 0x6c, 0x69, 0x74, 0x65, 0x33, 0x2e, 0x64, 0x79, 0x6c, 0x69,
  0x62, 0x00, 0x00, 0x00, 0x00, 0x00, 0x00, 0x00, 0x18, 0x00, 0x00, 0x80,
  0x60, 0x00, 0x00, 0x00, 0x18, 0x00, 0x00, 0x00, 0x02, 0x00, 0x00, 0x00,
  0x00, 0x00, 0x01, 0x00, 0x00, 0x00, 0x01, 0x00, 0x2f, 0x53, 0x79, 0x73,
  0x74, 0x65, 0x6d, 0x2f, 0x4c, 0x69, 0x62, 0x72, 0x61, 0x72, 0x79, 0x2f,
  0x46, 0x72, 0x61, 0x6d, 0x65, 0x77, 0x6f, 0x72, 0x6b, 0x73, 0x2f, 0x44,
  0x65, 0x63, 0x6c, 0x61, 0x72, 0x65, 0x64, 0x41, 0x67, 0x65, 0x52, 0x61,
  0x6e, 0x67, 0x65, 0x2e, 0x66, 0x72, 0x61, 0x6d, 0x65, 0x77, 0x6f, 0x72,
  0x6b, 0x2f, 0x44, 0x65, 0x63, 0x6c, 0x61, 0x72, 0x65, 0x64, 0x41, 0x67,
  0x65, 0x52, 0x61, 0x6e, 0x67, 0x65, 0x00, 0x00, 0x0c, 0x00, 0x00, 0x00,
  0x58, 0x00, 0x00, 0x00, 0x18, 0x00, 0x00, 0x00, 0x02, 0x00, 0x00, 0x00,
  0x00, 0x00, 0x01, 0x00, 0x00, 0x00, 0x01, 0x00, 0x2f, 0x53, 0x79, 0x73,
  0x74, 0x65, 0x6d, 0x2f, 0x4c, 0x69, 0x62, 0x72, 0x61, 0x72, 0x79, 0x2f,
  0x46, 0x72, 0x61, 0x6d, 0x65, 0x77, 0x6f, 0x72, 0x6b, 0x73, 0x2f, 0x43,
  0x6f, 0x72, 0x65, 0x48, 0x61, 0x70, 0x74, 0x69, 0x63, 0x73, 0x2e, 0x66,
  0x72, 0x61, 0x6d, 0x65, 0x77, 0x6f, 0x72, 0x6b, 0x2f, 0x43, 0x6f, 0x72,
  0x65, 0x48, 0x61, 0x70, 0x74, 0x69, 0x63, 0x73, 0x00, 0x00, 0x00, 0x00,
  0x18, 0x00, 0x00, 0x80, 0x50, 0x00, 0x00, 0x00, 0x18, 0x00, 0x00, 0x00,
  0x02, 0x00, 0x00, 0x00, 0x05, 0x02, 0x07, 0x00, 0x00, 0x00, 0x01, 0x00,
  0x2f, 0x53, 0x79, 0x73, 0x74, 0x65, 0x6d, 0x2f, 0x4c, 0x69, 0x62, 0x72,
  0x61, 0x72, 0x79, 0x2f, 0x46, 0x72, 0x61, 0x6d, 0x65, 0x77, 0x6f, 0x72,
  0x6b, 0x73, 0x2f, 0x53, 0x77, 0x69, 0x66, 0x74, 0x55, 0x49, 0x2e, 0x66,
  0x72, 0x61, 0x6d, 0x65, 0x77, 0x6f, 0x72, 0x6b, 0x2f, 0x53, 0x77, 0x69,
  0x66, 0x74, 0x55, 0x49, 0x00, 0x00, 0x00, 0x00, 0x0c, 0x00, 0x00, 0x00,
  0x58, 0x00, 0x00, 0x00, 0x18, 0x00, 0x00, 0x00, 0x02, 0x00, 0x00, 0x00,
  0x00, 0x00, 0x01, 0x00, 0x00, 0x00, 0x01, 0x00, 0x2f, 0x53, 0x79, 0x73,
  0x74, 0x65, 0x6d, 0x2f, 0x4c, 0x69, 0x62, 0x72, 0x61, 0x72, 0x79, 0x2f,
  0x46, 0x72, 0x61, 0x6d, 0x65, 0x77, 0x6f, 0x72, 0x6b, 0x73, 0x2f, 0x41,
  0x64, 0x53, 0x75, 0x70, 0x70, 0x6f, 0x72, 0x74, 0x2e, 0x66, 0x72, 0x61,
  0x6d, 0x65, 0x77, 0x6f, 0x72, 0x6b, 0x2f, 0x41, 0x64, 0x53, 0x75, 0x70,
  0x70, 0x6f, 0x72, 0x74, 0x00, 0x00, 0x00, 0x00, 0x00, 0x00, 0x00, 0x00,
  0x18, 0x00, 0x00, 0x80, 0x58, 0x00, 0x00, 0x00, 0x18, 0x00, 0x00, 0x00,
  0x02, 0x00, 0x00, 0x00, 0x00, 0x00, 0x01, 0x00, 0x00, 0x00, 0x01, 0x00,
  0x2f, 0x53, 0x79, 0x73, 0x74, 0x65, 0x6d, 0x2f, 0x4c, 0x69, 0x62, 0x72,
  0x61, 0x72, 0x79, 0x2f, 0x46, 0x72, 0x61, 0x6d, 0x65, 0x77, 0x6f, 0x72,
  0x6b, 0x73, 0x2f, 0x41, 0x64, 0x53, 0x65, 0x72, 0x76, 0x69, 0x63, 0x65,
  0x73, 0x2e, 0x66, 0x72, 0x61, 0x6d, 0x65, 0x77, 0x6f, 0x72, 0x6b, 0x2f,
  0x41, 0x64, 0x53, 0x65, 0x72, 0x76, 0x69, 0x63, 0x65, 0x73, 0x00, 0x00,
  0x00, 0x00, 0x00, 0x00, 0x0c, 0x00, 0x00, 0x00, 0x58, 0x00, 0x00, 0x00,
  0x18, 0x00, 0x00, 0x00, 0x02, 0x00, 0x00, 0x00, 0x00, 0x00, 0x01, 0x00,
  0x00, 0x00, 0x01, 0x00, 0x2f, 0x53, 0x79, 0x73, 0x74, 0x65, 0x6d, 0x2f,
  0x4c, 0x69, 0x62, 0x72, 0x61, 0x72, 0x79, 0x2f, 0x46, 0x72, 0x61, 0x6d,
  0x65, 0x77, 0x6f, 0x72, 0x6b, 0x73, 0x2f, 0x44, 0x65, 0x76, 0x69, 0x63,
  0x65, 0x43, 0x68, 0x65, 0x63, 0x6b, 0x2e, 0x66, 0x72, 0x61, 0x6d, 0x65,
  0x77, 0x6f, 0x72, 0x6b, 0x2f, 0x44, 0x65, 0x76, 0x69, 0x63, 0x65, 0x43,
  0x68, 0x65, 0x63, 0x6b, 0x00, 0x00, 0x00, 0x00, 0x0c, 0x00, 0x00, 0x00,
  0x58, 0x00, 0x00, 0x00, 0x18, 0x00, 0x00, 0x00, 0x02, 0x00, 0x00, 0x00,
  0x00, 0x00, 0x04, 0x00, 0x00, 0x00, 0x01, 0x00, 0x2f, 0x53, 0x79, 0x73,
  0x74, 0x65, 0x6d, 0x2f, 0x4c, 0x69, 0x62, 0x72, 0x61, 0x72, 0x79, 0x2f,
  0x46, 0x72, 0x61, 0x6d, 0x65, 0x77, 0x6f, 0x72, 0x6b, 0x73, 0x2f, 0x41,
  0x63, 0x63, 0x65, 0x6c, 0x65, 0x72, 0x61, 0x74, 0x65, 0x2e, 0x66, 0x72,
  0x61, 0x6d, 0x65, 0x77, 0x6f, 0x72, 0x6b, 0x2f, 0x41, 0x63, 0x63, 0x65,
  0x6c, 0x65, 0x72, 0x61, 0x74, 0x65, 0x00, 0x00, 0x00, 0x00, 0x00, 0x00,
  0x0c, 0x00, 0x00, 0x00, 0x68, 0x00, 0x00, 0x00, 0x18, 0x00, 0x00, 0x00,
  0x02, 0x00, 0x00, 0x00, 0x00, 0x00, 0x01, 0x00, 0x00, 0x00, 0x01, 0x00,
  0x2f, 0x53, 0x79, 0x73, 0x74, 0x65, 0x6d, 0x2f, 0x4c, 0x69, 0x62, 0x72,
  0x61, 0x72, 0x79, 0x2f, 0x46, 0x72, 0x61, 0x6d, 0x65, 0x77, 0x6f, 0x72,
  0x6b, 0x73, 0x2f, 0x55, 0x73, 0x65, 0x72, 0x4e, 0x6f, 0x74, 0x69, 0x66,
  0x69, 0x63, 0x61, 0x74, 0x69, 0x6f, 0x6e, 0x73, 0x2e, 0x66, 0x72, 0x61,
  0x6d, 0x65, 0x77, 0x6f, 0x72, 0x6b, 0x2f, 0x55, 0x73, 0x65, 0x72, 0x4e,
  0x6f, 0x74, 0x69, 0x66, 0x69, 0x63, 0x61, 0x74, 0x69, 0x6f, 0x6e, 0x73,
  0x00, 0x00, 0x00, 0x00, 0x00, 0x00, 0x00, 0x00, 0x18, 0x00, 0x00, 0x80,
  0x68, 0x00, 0x00, 0x00, 0x18, 0x00, 0x00, 0x00, 0x02, 0x00, 0x00, 0x00,
  0x00, 0x00, 0xde, 0x00, 0x00, 0x00, 0x01, 0x00, 0x2f, 0x53, 0x79, 0x73,
  0x74, 0x65, 0x6d, 0x2f, 0x4c, 0x69, 0x62, 0x72, 0x61, 0x72, 0x79, 0x2f,
  0x46, 0x72, 0x61, 0x6d, 0x65, 0x77, 0x6f, 0x72, 0x6b, 0x73, 0x2f, 0x57,
  0x61, 0x74, 0x63, 0x68, 0x43, 0x6f, 0x6e, 0x6e, 0x65, 0x63, 0x74, 0x69,
  0x76, 0x69, 0x74, 0x79, 0x2e, 0x66, 0x72, 0x61, 0x6d, 0x65, 0x77, 0x6f,
  0x72, 0x6b, 0x2f, 0x57, 0x61, 0x74, 0x63, 0x68, 0x43, 0x6f, 0x6e, 0x6e,
  0x65, 0x63, 0x74, 0x69, 0x76, 0x69, 0x74, 0x79, 0x00, 0x00, 0x00, 0x00,
  0x00, 0x00, 0x00, 0x00, 0x0c, 0x00, 0x00, 0x00, 0x50, 0x00, 0x00, 0x00,
  0x18, 0x00, 0x00, 0x00, 0x02, 0x00, 0x00, 0x00, 0x00, 0x00, 0x81, 0x00,
  0x00, 0x00, 0x01, 0x00, 0x2f, 0x53, 0x79, 0x73, 0x74, 0x65, 0x6d, 0x2f,
  0x4c, 0x69, 0x62, 0x72, 0x61, 0x72, 0x79, 0x2f, 0x46, 0x72, 0x61, 0x6d,
  0x65, 0x77, 0x6f, 0x72, 0x6b, 0x73, 0x2f, 0x47, 0x4c, 0x4b, 0x69, 0x74,
  0x2e, 0x66, 0x72, 0x61, 0x6d, 0x65, 0x77, 0x6f, 0x72, 0x6b, 0x2f, 0x47,
  0x4c, 0x4b, 0x69, 0x74, 0x00, 0x00, 0x00, 0x00, 0x00, 0x00, 0x00, 0x00,
  0x0c, 0x00, 0x00, 0x00, 0x38, 0x00, 0x00, 0x00, 0x18, 0x00, 0x00, 0x00,
  0x02, 0x00, 0x00, 0x00, 0x00, 0x09, 0x0a, 0x00, 0x00, 0x00, 0x0a, 0x00,
  0x2f, 0x75, 0x73, 0x72, 0x2f, 0x6c, 0x69, 0x62, 0x2f, 0x6c, 0x69, 0x62,
  0x78, 0x6d, 0x6c, 0x32, 0x2e, 0x32, 0x2e, 0x64, 0x79, 0x6c, 0x69, 0x62,
  0x00, 0x00, 0x00, 0x00, 0x00, 0x00, 0x00, 0x00, 0x0c, 0x00, 0x00, 0x00,
  0x50, 0x00, 0x00, 0x00, 0x18, 0x00, 0x00, 0x00, 0x02, 0x00, 0x00, 0x00,
  0x00, 0x00, 0x01, 0x00, 0x00, 0x00, 0x01, 0x00, 0x2f, 0x53, 0x79, 0x73,
  0x74, 0x65, 0x6d, 0x2f, 0x4c, 0x69, 0x62, 0x72, 0x61, 0x72, 0x79, 0x2f,
  0x46, 0x72, 0x61, 0x6d, 0x65, 0x77, 0x6f, 0x72, 0x6b, 0x73, 0x2f, 0x49,
  0x6d, 0x61, 0x67, 0x65, 0x49, 0x4f, 0x2e, 0x66, 0x72, 0x61, 0x6d, 0x65,
  0x77, 0x6f, 0x72, 0x6b, 0x2f, 0x49, 0x6d, 0x61, 0x67, 0x65, 0x49, 0x4f,
  0x00, 0x00, 0x00, 0x00, 0x18, 0x00, 0x00, 0x80, 0x70, 0x00, 0x00, 0x00,
  0x18, 0x00, 0x00, 0x00, 0x02, 0x00, 0x00, 0x00, 0x00, 0x00, 0x01, 0x00,
  0x00, 0x00, 0x01, 0x00, 0x2f, 0x53, 0x79, 0x73, 0x74, 0x65, 0x6d, 0x2f,
  0x4c, 0x69, 0x62, 0x72, 0x61, 0x72, 0x79, 0x2f, 0x46, 0x72, 0x61, 0x6d,
  0x65, 0x77, 0x6f, 0x72, 0x6b, 0x73, 0x2f, 0x41, 0x70, 0x70, 0x54, 0x72,
  0x61, 0x63, 0x6b, 0x69, 0x6e, 0x67, 0x54, 0x72, 0x61, 0x6e, 0x73, 0x70,
  0x61, 0x72, 0x65, 0x6e, 0x63, 0x79, 0x2e, 0x66, 0x72, 0x61, 0x6d, 0x65,
  0x77, 0x6f, 0x72, 0x6b, 0x2f, 0x41, 0x70, 0x70, 0x54, 0x72, 0x61, 0x63,
  0x6b, 0x69, 0x6e, 0x67, 0x54, 0x72, 0x61, 0x6e, 0x73, 0x70, 0x61, 0x72,
  0x65, 0x6e, 0x63, 0x79, 0x00, 0x00, 0x00, 0x00, 0x18, 0x00, 0x00, 0x80,
  0x60, 0x00, 0x00, 0x00, 0x18, 0x00, 0x00, 0x00, 0x02, 0x00, 0x00, 0x00,
  0x0e, 0x01, 0x6f, 0x02, 0x00, 0x00, 0x01, 0x00, 0x2f, 0x53, 0x79, 0x73,
  0x74, 0x65, 0x6d, 0x2f, 0x4c, 0x69, 0x62, 0x72, 0x61, 0x72, 0x79, 0x2f,
  0x46, 0x72, 0x61, 0x6d, 0x65, 0x77, 0x6f, 0x72, 0x6b, 0x73, 0x2f, 0x4a,
  0x61, 0x76, 0x61, 0x53, 0x63, 0x72, 0x69, 0x70, 0x74, 0x43, 0x6f, 0x72,
  0x65, 0x2e, 0x66, 0x72, 0x61, 0x6d, 0x65, 0x77, 0x6f, 0x72, 0x6b, 0x2f,
  0x4a, 0x61, 0x76, 0x61, 0x53, 0x63, 0x72, 0x69, 0x70, 0x74, 0x43, 0x6f,
  0x72, 0x65, 0x00, 0x00, 0x00, 0x00, 0x00, 0x00, 0x0c, 0x00, 0x00, 0x00,
  0x58, 0x00, 0x00, 0x00, 0x18, 0x00, 0x00, 0x00, 0x02, 0x00, 0x00, 0x00,
  0x00, 0x02, 0xd6, 0x02, 0x00, 0x02, 0x01, 0x00, 0x2f, 0x53, 0x79, 0x73,
  0x74, 0x65, 0x6d, 0x2f, 0x4c, 0x69, 0x62, 0x72, 0x61, 0x72, 0x79, 0x2f,
  0x46, 0x72, 0x61, 0x6d, 0x65, 0x77, 0x6f, 0x72, 0x6b, 0x73, 0x2f, 0x43,
  0x6f, 0x72, 0x65, 0x56, 0x69, 0x64, 0x65, 0x6f, 0x2e, 0x66, 0x72, 0x61,
  0x6d, 0x65, 0x77, 0x6f, 0x72, 0x6b, 0x2f, 0x43, 0x6f, 0x72, 0x65, 0x56,
  0x69, 0x64, 0x65, 0x6f, 0x00, 0x00, 0x00, 0x00, 0x00, 0x00, 0x00, 0x00,
  0x18, 0x00, 0x00, 0x80, 0x70, 0x00, 0x00, 0x00, 0x18, 0x00, 0x00, 0x00,
  0x02, 0x00, 0x00, 0x00, 0x0e, 0x01, 0x6f, 0x02, 0x00, 0x00, 0x01, 0x00,
  0x2f, 0x53, 0x79, 0x73, 0x74, 0x65, 0x6d, 0x2f, 0x4c, 0x69, 0x62, 0x72,
  0x61, 0x72, 0x79, 0x2f, 0x46, 0x72, 0x61, 0x6d, 0x65, 0x77, 0x6f, 0x72,
  0x6b, 0x73, 0x2f, 0x41, 0x75, 0x74, 0x68, 0x65, 0x6e, 0x74, 0x69, 0x63,
  0x61, 0x74, 0x69, 0x6f, 0x6e, 0x53, 0x65, 0x72, 0x76, 0x69, 0x63, 0x65,
  0x73, 0x2e, 0x66, 0x72, 0x61, 0x6d, 0x65, 0x77, 0x6f, 0x72, 0x6b, 0x2f,
  0x41, 0x75, 0x74, 0x68, 0x65, 0x6e, 0x74, 0x69, 0x63, 0x61, 0x74, 0x69,
  0x6f, 0x6e, 0x53, 0x65, 0x72, 0x76, 0x69, 0x63, 0x65, 0x73, 0x00, 0x00,
  0x00, 0x00, 0x00, 0x00, 0x18, 0x00, 0x00, 0x80, 0x50, 0x00, 0x00, 0x00,
  0x18, 0x00, 0x00, 0x00, 0x02, 0x00, 0x00, 0x00, 0x0e, 0x01, 0x6f, 0x02,
  0x00, 0x00, 0x01, 0x00, 0x2f, 0x53, 0x79, 0x73, 0x74, 0x65, 0x6d, 0x2f,
  0x4c, 0x69, 0x62, 0x72, 0x61, 0x72, 0x79, 0x2f, 0x46, 0x72, 0x61, 0x6d,
  0x65, 0x77, 0x6f, 0x72, 0x6b, 0x73, 0x2f, 0x57, 0x65, 0x62, 0x4b, 0x69,
  0x74, 0x2e, 0x66, 0x72, 0x61, 0x6d, 0x65, 0x77, 0x6f, 0x72, 0x6b, 0x2f,
  0x57, 0x65, 0x62, 0x4b, 0x69, 0x74, 0x00, 0x00, 0x00, 0x00, 0x00, 0x00,
  0x0c, 0x00, 0x00, 0x00, 0x68, 0x00, 0x00, 0x00, 0x18, 0x00, 0x00, 0x00,
  0x02, 0x00, 0x00, 0x00, 0x00, 0x00, 0xca, 0x04, 0x00, 0x00, 0x01, 0x00,
  0x2f, 0x53, 0x79, 0x73, 0x74, 0x65, 0x6d, 0x2f, 0x4c, 0x69, 0x62, 0x72,
  0x61, 0x72, 0x79, 0x2f, 0x46, 0x72, 0x61, 0x6d, 0x65, 0x77, 0x6f, 0x72,
  0x6b, 0x73, 0x2f, 0x4d, 0x6f, 0x62, 0x69, 0x6c, 0x65, 0x43, 0x6f, 0x72,
  0x65, 0x53, 0x65, 0x72, 0x76, 0x69, 0x63, 0x65, 0x73, 0x2e, 0x66, 0x72,
  0x61, 0x6d, 0x65, 0x77, 0x6f, 0x72, 0x6b, 0x2f, 0x4d, 0x6f, 0x62, 0x69,
  0x6c, 0x65, 0x43, 0x6f, 0x72, 0x65, 0x53, 0x65, 0x72, 0x76, 0x69, 0x63,
  0x65, 0x73, 0x00, 0x00, 0x00, 0x00, 0x00, 0x00, 0x0c, 0x00, 0x00, 0x00,
  0x50, 0x00, 0x00, 0x00, 0x18, 0x00, 0x00, 0x00, 0x02, 0x00, 0x00, 0x00,
  0x00, 0x00, 0xf3, 0x05, 0x00, 0x00, 0x01, 0x00, 0x2f, 0x53, 0x79, 0x73,
  0x74, 0x65, 0x6d, 0x2f, 0x4c, 0x69, 0x62, 0x72, 0x61, 0x72, 0x79, 0x2f,
  0x46, 0x72, 0x61, 0x6d, 0x65, 0x77, 0x6f, 0x72, 0x6b, 0x73, 0x2f, 0x43,
  0x6f, 0x72, 0x65, 0x44, 0x61, 0x74, 0x61, 0x2e, 0x66, 0x72, 0x61, 0x6d,
  0x65, 0x77, 0x6f, 0x72, 0x6b, 0x2f, 0x43, 0x6f, 0x72, 0x65, 0x44, 0x61,
  0x74, 0x61, 0x00, 0x00, 0x0c, 0x00, 0x00, 0x00, 0x58, 0x00, 0x00, 0x00,
  0x18, 0x00, 0x00, 0x00, 0x02, 0x00, 0x00, 0x00, 0x0a, 0x00, 0xf8, 0x0b,
  0x00, 0x00, 0x01, 0x00, 0x2f, 0x53, 0x79, 0x73, 0x74, 0x65, 0x6d, 0x2f,
  0x4c, 0x69, 0x62, 0x72, 0x61, 0x72, 0x79, 0x2f, 0x46, 0x72, 0x61, 0x6d,
  0x65, 0x77, 0x6f, 0x72, 0x6b, 0x73, 0x2f, 0x43, 0x6f, 0x72, 0x65, 0x4d,
  0x6f, 0x74, 0x69, 0x6f, 0x6e, 0x2e, 0x66, 0x72, 0x61, 0x6d, 0x65, 0x77,
  0x6f, 0x72, 0x6b, 0x2f, 0x43, 0x6f, 0x72, 0x65, 0x4d, 0x6f, 0x74, 0x69,
  0x6f, 0x6e, 0x00, 0x00, 0x00, 0x00, 0x00, 0x00, 0x0c, 0x00, 0x00, 0x00,
  0x50, 0x00, 0x00, 0x00, 0x18, 0x00, 0x00, 0x00, 0x02, 0x00, 0x00, 0x00,
  0x28, 0x3c, 0xcd, 0xf1, 0x00, 0x00, 0x01, 0x00, 0x2f, 0x53, 0x79, 0x73,
  0x74, 0x65, 0x6d, 0x2f, 0x4c, 0x69, 0x62, 0x72, 0x61, 0x72, 0x79, 0x2f,
  0x46, 0x72, 0x61, 0x6d, 0x65, 0x77, 0x6f, 0x72, 0x6b, 0x73, 0x2f, 0x53,
  0x65, 0x63, 0x75, 0x72, 0x69, 0x74, 0x79, 0x2e, 0x66, 0x72, 0x61, 0x6d,
  0x65, 0x77, 0x6f, 0x72, 0x6b, 0x2f, 0x53, 0x65, 0x63, 0x75, 0x72, 0x69,
  0x74, 0x79, 0x00, 0x00, 0x0c, 0x00, 0x00, 0x00, 0x58, 0x00, 0x00, 0x00,
  0x18, 0x00, 0x00, 0x00, 0x02, 0x00, 0x00, 0x00, 0x00, 0x00, 0x02, 0x00,
  0x00, 0x00, 0x01, 0x00, 0x2f, 0x53, 0x79, 0x73, 0x74, 0x65, 0x6d, 0x2f,
  0x4c, 0x69, 0x62, 0x72, 0x61, 0x72, 0x79, 0x2f, 0x46, 0x72, 0x61, 0x6d,
  0x65, 0x77, 0x6f, 0x72, 0x6b, 0x73, 0x2f, 0x41, 0x56, 0x46, 0x6f, 0x75,
  0x6e, 0x64, 0x61, 0x74, 0x69, 0x6f, 0x6e, 0x2e, 0x66, 0x72, 0x61, 0x6d,
  0x65, 0x77, 0x6f, 0x72, 0x6b, 0x2f, 0x41, 0x56, 0x46, 0x6f, 0x75, 0x6e,
  0x64, 0x61, 0x74, 0x69, 0x6f, 0x6e, 0x00, 0x00, 0x0c, 0x00, 0x00, 0x00,
  0x58, 0x00, 0x00, 0x00, 0x18, 0x00, 0x00, 0x00, 0x02, 0x00, 0x00, 0x00,
  0x00, 0x00, 0xe8, 0x03, 0x00, 0x00, 0x01, 0x00, 0x2f, 0x53, 0x79, 0x73,
  0x74, 0x65, 0x6d, 0x2f, 0x4c, 0x69, 0x62, 0x72, 0x61, 0x72, 0x79, 0x2f,
  0x46, 0x72, 0x61, 0x6d, 0x65, 0x77, 0x6f, 0x72, 0x6b, 0x73, 0x2f, 0x41,
  0x75, 0x64, 0x69, 0x6f, 0x54, 0x6f, 0x6f, 0x6c, 0x62, 0x6f, 0x78, 0x2e,
  0x66, 0x72, 0x61, 0x6d, 0x65, 0x77, 0x6f, 0x72, 0x6b, 0x2f, 0x41, 0x75,
  0x64, 0x69, 0x6f, 0x54, 0x6f, 0x6f, 0x6c, 0x62, 0x6f, 0x78, 0x00, 0x00,
  0x0c, 0x00, 0x00, 0x00, 0x50, 0x00, 0x00, 0x00, 0x18, 0x00, 0x00, 0x00,
  0x02, 0x00, 0x00, 0x00, 0x00, 0x00, 0x01, 0x00, 0x00, 0x00, 0x01, 0x00,
  0x2f, 0x53, 0x79, 0x73, 0x74, 0x65, 0x6d, 0x2f, 0x4c, 0x69, 0x62, 0x72,
  0x61, 0x72, 0x79, 0x2f, 0x46, 0x72, 0x61, 0x6d, 0x65, 0x77, 0x6f, 0x72,
  0x6b, 0x73, 0x2f, 0x4f, 0x70, 0x65, 0x6e, 0x41, 0x4c, 0x2e, 0x66, 0x72,
  0x61, 0x6d, 0x65, 0x77, 0x6f, 0x72, 0x6b, 0x2f, 0x4f, 0x70, 0x65, 0x6e,
  0x41, 0x4c, 0x00, 0x00, 0x00, 0x00, 0x00, 0x00, 0x0c, 0x00, 0x00, 0x00,
  0x58, 0x00, 0x00, 0x00, 0x18, 0x00, 0x00, 0x00, 0x02, 0x00, 0x00, 0x00,
  0x01, 0x2f, 0xa9, 0x04, 0x00, 0x02, 0x01, 0x00, 0x2f, 0x53, 0x79, 0x73,
  0x74, 0x65, 0x6d, 0x2f, 0x4c, 0x69, 0x62, 0x72, 0x61, 0x72, 0x79, 0x2f,
  0x46, 0x72, 0x61, 0x6d, 0x65, 0x77, 0x6f, 0x72, 0x6b, 0x73, 0x2f, 0x51,
  0x75, 0x61, 0x72, 0x74, 0x7a, 0x43, 0x6f, 0x72, 0x65, 0x2e, 0x66, 0x72,
  0x61, 0x6d, 0x65, 0x77, 0x6f, 0x72, 0x6b, 0x2f, 0x51, 0x75, 0x61, 0x72,
  0x74, 0x7a, 0x43, 0x6f, 0x72, 0x65, 0x00, 0x00, 0x00, 0x00, 0x00, 0x00,
  0x0c, 0x00, 0x00, 0x00, 0x58, 0x00, 0x00, 0x00, 0x18, 0x00, 0x00, 0x00,
  0x02, 0x00, 0x00, 0x00, 0x03, 0x02, 0xad, 0x07, 0x00, 0x00, 0x40, 0x00,
  0x2f, 0x53, 0x79, 0x73, 0x74, 0x65, 0x6d, 0x2f, 0x4c, 0x69, 0x62, 0x72,
  0x61, 0x72, 0x79, 0x2f, 0x46, 0x72, 0x61, 0x6d, 0x65, 0x77, 0x6f, 0x72,
  0x6b, 0x73, 0x2f, 0x43, 0x6f, 0x72, 0x65, 0x47, 0x72, 0x61, 0x70, 0x68,
  0x69, 0x63, 0x73, 0x2e, 0x66, 0x72, 0x61, 0x6d, 0x65, 0x77, 0x6f, 0x72,
  0x6b, 0x2f, 0x43, 0x6f, 0x72, 0x65, 0x47, 0x72, 0x61, 0x70, 0x68, 0x69,
  0x63, 0x73, 0x00, 0x00, 0x0c, 0x00, 0x00, 0x00, 0x50, 0x00, 0x00, 0x00,
  0x18, 0x00, 0x00, 0x00, 0x02, 0x00, 0x00, 0x00, 0x00, 0x00, 0x01, 0x00,
  0x00, 0x00, 0x01, 0x00, 0x2f, 0x53, 0x79, 0x73, 0x74, 0x65, 0x6d, 0x2f,
  0x4c, 0x69, 0x62, 0x72, 0x61, 0x72, 0x79, 0x2f, 0x46, 0x72, 0x61, 0x6d,
  0x65, 0x77, 0x6f, 0x72, 0x6b, 0x73, 0x2f, 0x4f, 0x70, 0x65, 0x6e, 0x47,
  0x4c, 0x45, 0x53, 0x2e, 0x66, 0x72, 0x61, 0x6d, 0x65, 0x77, 0x6f, 0x72,
  0x6b, 0x2f, 0x4f, 0x70, 0x65, 0x6e, 0x47, 0x4c, 0x45, 0x53, 0x00, 0x00,
  0x0c, 0x00, 0x00, 0x00, 0x48, 0x00, 0x00, 0x00, 0x18, 0x00, 0x00, 0x00,
  0x02, 0x00, 0x00, 0x00, 0x00, 0x00, 0x01, 0x00, 0x00, 0x00, 0x01, 0x00,
  0x2f, 0x53, 0x79, 0x73, 0x74, 0x65, 0x6d, 0x2f, 0x4c, 0x69, 0x62, 0x72,
  0x61, 0x72, 0x79, 0x2f, 0x46, 0x72, 0x61, 0x6d, 0x65, 0x77, 0x6f, 0x72,
  0x6b, 0x73, 0x2f, 0x69, 0x41, 0x64, 0x2e, 0x66, 0x72, 0x61, 0x6d, 0x65,
  0x77, 0x6f, 0x72, 0x6b, 0x2f, 0x69, 0x41, 0x64, 0x00, 0x00, 0x00, 0x00,
  0x0c, 0x00, 0x00, 0x00, 0x58, 0x00, 0x00, 0x00, 0x18, 0x00, 0x00, 0x00,
  0x02, 0x00, 0x00, 0x00, 0x1f, 0xff, 0x14, 0x0f, 0x00, 0x00, 0x01, 0x00,
  0x2f, 0x53, 0x79, 0x73, 0x74, 0x65, 0x6d, 0x2f, 0x4c, 0x69, 0x62, 0x72,
  0x61, 0x72, 0x79, 0x2f, 0x46, 0x72, 0x61, 0x6d, 0x65, 0x77, 0x6f, 0x72,
  0x6b, 0x73, 0x2f, 0x43, 0x46, 0x4e, 0x65, 0x74, 0x77, 0x6f, 0x72, 0x6b,
  0x2e, 0x66, 0x72, 0x61, 0x6d, 0x65, 0x77, 0x6f, 0x72, 0x6b, 0x2f, 0x43,
  0x46, 0x4e, 0x65, 0x74, 0x77, 0x6f, 0x72, 0x6b, 0x00, 0x00, 0x00, 0x00,
  0x00, 0x00, 0x00, 0x00, 0x0c, 0x00, 0x00, 0x00, 0x58, 0x00, 0x00, 0x00,
  0x18, 0x00, 0x00, 0x00, 0x02, 0x00, 0x00, 0x00, 0x0a, 0x00, 0xf8, 0x0b,
  0x00, 0x00, 0x01, 0x00, 0x2f, 0x53, 0x79, 0x73, 0x74, 0x65, 0x6d, 0x2f,
  0x4c, 0x69, 0x62, 0x72, 0x61, 0x72, 0x79, 0x2f, 0x46, 0x72, 0x61, 0x6d,
  0x65, 0x77, 0x6f, 0x72, 0x6b, 0x73, 0x2f, 0x43, 0x6f, 0x72, 0x65, 0x4c,
  0x6f, 0x63, 0x61, 0x74, 0x69, 0x6f, 0x6e, 0x2e, 0x66, 0x72, 0x61, 0x6d,
  0x65, 0x77, 0x6f, 0x72, 0x6b, 0x2f, 0x43, 0x6f, 0x72, 0x65, 0x4c, 0x6f,
  0x63, 0x61, 0x74, 0x69, 0x6f, 0x6e, 0x00, 0x00, 0x0c, 0x00, 0x00, 0x00,
  0x58, 0x00, 0x00, 0x00, 0x18, 0x00, 0x00, 0x00, 0x02, 0x00, 0x00, 0x00,
  0x01, 0x06, 0xda, 0x0c, 0x00, 0x00, 0x01, 0x00, 0x2f, 0x53, 0x79, 0x73,
  0x74, 0x65, 0x6d, 0x2f, 0x4c, 0x69, 0x62, 0x72, 0x61, 0x72, 0x79, 0x2f,
  0x46, 0x72, 0x61, 0x6d, 0x65, 0x77, 0x6f, 0x72, 0x6b, 0x73, 0x2f, 0x43,
  0x6f, 0x72, 0x65, 0x4d, 0x65, 0x64, 0x69, 0x61, 0x2e, 0x66, 0x72, 0x61,
  0x6d, 0x65, 0x77, 0x6f, 0x72, 0x6b, 0x2f, 0x43, 0x6f, 0x72, 0x65, 0x4d,
  0x65, 0x64, 0x69, 0x61, 0x00, 0x00, 0x00, 0x00, 0x00, 0x00, 0x00, 0x00,
  0x0c, 0x00, 0x00, 0x00, 0x60, 0x00, 0x00, 0x00, 0x18, 0x00, 0x00, 0x00,
  0x02, 0x00, 0x00, 0x00, 0x00, 0x00, 0x00, 0x00, 0x00, 0x00, 0x01, 0x00,
  0x2f, 0x53, 0x79, 0x73, 0x74, 0x65, 0x6d, 0x2f, 0x4c, 0x69, 0x62, 0x72,
  0x61, 0x72, 0x79, 0x2f, 0x46, 0x72, 0x61, 0x6d, 0x65, 0x77, 0x6f, 0x72,
  0x6b, 0x73, 0x2f, 0x43, 0x6f, 0x72, 0x65, 0x54, 0x65, 0x6c, 0x65, 0x70,
  0x68, 0x6f, 0x6e, 0x79, 0x2e, 0x66, 0x72, 0x61, 0x6d, 0x65, 0x77, 0x6f,
  0x72, 0x6b, 0x2f, 0x43, 0x6f, 0x72, 0x65, 0x54, 0x65, 0x6c, 0x65, 0x70,
  0x68, 0x6f, 0x6e, 0x79, 0x00, 0x00, 0x00, 0x00, 0x00, 0x00, 0x00, 0x00,
  0x0c, 0x00, 0x00, 0x00, 0x50, 0x00, 0x00, 0x00, 0x18, 0x00, 0x00, 0x00,
  0x02, 0x00, 0x00, 0x00, 0x03, 0x02, 0x8e, 0x07, 0x00, 0x00, 0x01, 0x00,
  0x2f, 0x53, 0x79, 0x73, 0x74, 0x65, 0x6d, 0x2f, 0x4c, 0x69, 0x62, 0x72,
  0x61, 0x72, 0x79, 0x2f, 0x46, 0x72, 0x61, 0x6d, 0x65, 0x77, 0x6f, 0x72,
  0x6b, 0x73, 0x2f, 0x45, 0x76, 0x65, 0x6e, 0x74, 0x4b, 0x69, 0x74, 0x2e,
  0x66, 0x72, 0x61, 0x6d, 0x65, 0x77, 0x6f, 0x72, 0x6b, 0x2f, 0x45, 0x76,
  0x65, 0x6e, 0x74, 0x4b, 0x69, 0x74, 0x00, 0x00, 0x0c, 0x00, 0x00, 0x00,
  0x58, 0x00, 0x00, 0x00, 0x18, 0x00, 0x00, 0x00, 0x02, 0x00, 0x00, 0x00,
  0x00, 0x00, 0x01, 0x00, 0x00, 0x00, 0x01, 0x00, 0x2f, 0x53, 0x79, 0x73,
  0x74, 0x65, 0x6d, 0x2f, 0x4c, 0x69, 0x62, 0x72, 0x61, 0x72, 0x79, 0x2f,
  0x46, 0x72, 0x61, 0x6d, 0x65, 0x77, 0x6f, 0x72, 0x6b, 0x73, 0x2f, 0x45,
  0x76, 0x65, 0x6e, 0x74, 0x4b, 0x69, 0x74, 0x55, 0x49, 0x2e, 0x66, 0x72,
  0x61, 0x6d, 0x65, 0x77, 0x6f, 0x72, 0x6b, 0x2f, 0x45, 0x76, 0x65, 0x6e,
  0x74, 0x4b, 0x69, 0x74, 0x55, 0x49, 0x00, 0x00, 0x00, 0x00, 0x00, 0x00,
  0x18, 0x00, 0x00, 0x80, 0x58, 0x00, 0x00, 0x00, 0x18, 0x00, 0x00, 0x00,
  0x02, 0x00, 0x00, 0x00, 0x00, 0x00, 0x69, 0x10, 0x00, 0x00, 0x2c, 0x01,
  0x2f, 0x53, 0x79, 0x73, 0x74, 0x65, 0x6d, 0x2f, 0x4c, 0x69, 0x62, 0x72,
  0x61, 0x72, 0x79, 0x2f, 0x46, 0x72, 0x61, 0x6d, 0x65, 0x77, 0x6f, 0x72,
  0x6b, 0x73, 0x2f, 0x46, 0x6f, 0x75, 0x6e, 0x64, 0x61, 0x74, 0x69, 0x6f,
  0x6e, 0x2e, 0x66, 0x72, 0x61, 0x6d, 0x65, 0x77, 0x6f, 0x72, 0x6b, 0x2f,
  0x46, 0x6f, 0x75, 0x6e, 0x64, 0x61, 0x74, 0x69, 0x6f, 0x6e, 0x00, 0x00,
  0x00, 0x00, 0x00, 0x00, 0x0c, 0x00, 0x00, 0x00, 0x50, 0x00, 0x00, 0x00,
  0x18, 0x00, 0x00, 0x00, 0x02, 0x00, 0x00, 0x00, 0x0a, 0x02, 0x34, 0x03,
  0x00, 0x00, 0x01, 0x00, 0x2f, 0x53, 0x79, 0x73, 0x74, 0x65, 0x6d, 0x2f,
  0x4c, 0x69, 0x62, 0x72, 0x61, 0x72, 0x79, 0x2f, 0x46, 0x72, 0x61, 0x6d,
  0x65, 0x77, 0x6f, 0x72, 0x6b, 0x73, 0x2f, 0x47, 0x61, 0x6d, 0x65, 0x4b,
  0x69, 0x74, 0x2e, 0x66, 0x72, 0x61, 0x6d, 0x65, 0x77, 0x6f, 0x72, 0x6b,
  0x2f, 0x47, 0x61, 0x6d, 0x65, 0x4b, 0x69, 0x74, 0x00, 0x00, 0x00, 0x00,
  0x0c, 0x00, 0x00, 0x00, 0x58, 0x00, 0x00, 0x00, 0x18, 0x00, 0x00, 0x00,
  0x02, 0x00, 0x00, 0x00, 0x29, 0xff, 0x18, 0x0f, 0x00, 0x00, 0x01, 0x00,
  0x2f, 0x53, 0x79, 0x73, 0x74, 0x65, 0x6d, 0x2f, 0x4c, 0x69, 0x62, 0x72,
  0x61, 0x72, 0x79, 0x2f, 0x46, 0x72, 0x61, 0x6d, 0x65, 0x77, 0x6f, 0x72,
  0x6b, 0x73, 0x2f, 0x4d, 0x65, 0x73, 0x73, 0x61, 0x67, 0x65, 0x55, 0x49,
  0x2e, 0x66, 0x72, 0x61, 0x6d, 0x65, 0x77, 0x6f, 0x72, 0x6b, 0x2f, 0x4d,
  0x65, 0x73, 0x73, 0x61, 0x67, 0x65, 0x55, 0x49, 0x00, 0x00, 0x00, 0x00,
  0x00, 0x00, 0x00, 0x00, 0x0c, 0x00, 0x00, 0x00, 0x50, 0x00, 0x00, 0x00,
  0x18, 0x00, 0x00, 0x00, 0x02, 0x00, 0x00, 0x00, 0x00, 0x00, 0x57, 0x00,
  0x00, 0x00, 0x01, 0x00, 0x2f, 0x53, 0x79, 0x73, 0x74, 0x65, 0x6d, 0x2f,
  0x4c, 0x69, 0x62, 0x72, 0x61, 0x72, 0x79, 0x2f, 0x46, 0x72, 0x61, 0x6d,
  0x65, 0x77, 0x6f, 0x72, 0x6b, 0x73, 0x2f, 0x53, 0x6f, 0x63, 0x69, 0x61,
  0x6c, 0x2e, 0x66, 0x72, 0x61, 0x6d, 0x65, 0x77, 0x6f, 0x72, 0x6b, 0x2f,
  0x53, 0x6f, 0x63, 0x69, 0x61, 0x6c, 0x00, 0x00, 0x00, 0x00, 0x00, 0x00,
  0x0c, 0x00, 0x00, 0x00, 0x50, 0x00, 0x00, 0x00, 0x18, 0x00, 0x00, 0x00,
  0x02, 0x00, 0x00, 0x00, 0x00, 0x00, 0x01, 0x00, 0x00, 0x00, 0x01, 0x00,
  0x2f, 0x53, 0x79, 0x73, 0x74, 0x65, 0x6d, 0x2f, 0x4c, 0x69, 0x62, 0x72,
  0x61, 0x72, 0x79, 0x2f, 0x46, 0x72, 0x61, 0x6d, 0x65, 0x77, 0x6f, 0x72,
  0x6b, 0x73, 0x2f, 0x53, 0x74, 0x6f, 0x72, 0x65, 0x4b, 0x69, 0x74, 0x2e,
  0x66, 0x72, 0x61, 0x6d, 0x65, 0x77, 0x6f, 0x72, 0x6b, 0x2f, 0x53, 0x74,
  0x6f, 0x72, 0x65, 0x4b, 0x69, 0x74, 0x00, 0x00, 0x0c, 0x00, 0x00, 0x00,
  0x68, 0x00, 0x00, 0x00, 0x18, 0x00, 0x00, 0x00, 0x02, 0x00, 0x00, 0x00,
  0x03, 0x3c, 0x69, 0x05, 0x00, 0x00, 0x01, 0x00, 0x2f, 0x53, 0x79, 0x73,
  0x74, 0x65, 0x6d, 0x2f, 0x4c, 0x69, 0x62, 0x72, 0x61, 0x72, 0x79, 0x2f,
  0x46, 0x72, 0x61, 0x6d, 0x65, 0x77, 0x6f, 0x72, 0x6b, 0x73, 0x2f, 0x53,
  0x79, 0x73, 0x74, 0x65, 0x6d, 0x43, 0x6f, 0x6e, 0x66, 0x69, 0x67, 0x75,
  0x72, 0x61, 0x74, 0x69, 0x6f, 0x6e, 0x2e, 0x66, 0x72, 0x61, 0x6d, 0x65,
  0x77, 0x6f, 0x72, 0x6b, 0x2f, 0x53, 0x79, 0x73, 0x74, 0x65, 0x6d, 0x43,
  0x6f, 0x6e, 0x66, 0x69, 0x67, 0x75, 0x72, 0x61, 0x74, 0x69, 0x6f, 0x6e,
  0x00, 0x00, 0x00, 0x00, 0x18, 0x00, 0x00, 0x80, 0x50, 0x00, 0x00, 0x00,
  0x18, 0x00, 0x00, 0x00, 0x02, 0x00, 0x00, 0x00, 0x04, 0x02, 0xa6, 0x23,
  0x00, 0x00, 0x01, 0x00, 0x2f, 0x53, 0x79, 0x73, 0x74, 0x65, 0x6d, 0x2f,
  0x4c, 0x69, 0x62, 0x72, 0x61, 0x72, 0x79, 0x2f, 0x46, 0x72, 0x61, 0x6d,
  0x65, 0x77, 0x6f, 0x72, 0x6b, 0x73, 0x2f, 0x55, 0x49, 0x4b, 0x69, 0x74,
  0x2e, 0x66, 0x72, 0x61, 0x6d, 0x65, 0x77, 0x6f, 0x72, 0x6b, 0x2f, 0x55,
  0x49, 0x4b, 0x69, 0x74, 0x00, 0x00, 0x00, 0x00, 0x00, 0x00, 0x00, 0x00,
  0x0c, 0x00, 0x00, 0x00, 0x40, 0x00, 0x00, 0x00, 0x18, 0x00, 0x00, 0x00,
  0x02, 0x00, 0x00, 0x00, 0x00, 0x00, 0x01, 0x00, 0x00, 0x00, 0x01, 0x00,
  0x40, 0x72, 0x70, 0x61, 0x74, 0x68, 0x2f, 0x41, 0x64, 0x53, 0x75, 0x72,
  0x67, 0x65, 0x53, 0x44, 0x4b, 0x2e, 0x66, 0x72, 0x61, 0x6d, 0x65, 0x77,
  0x6f, 0x72, 0x6b, 0x2f, 0x41, 0x64, 0x53, 0x75, 0x72, 0x67, 0x65, 0x53,
  0x44, 0x4b, 0x00, 0x00, 0x0c, 0x00, 0x00, 0x00, 0x48, 0x00, 0x00, 0x00,
  0x18, 0x00, 0x00, 0x00, 0x02, 0x00, 0x00, 0x00, 0x00, 0x00, 0x01, 0x00,
  0x00, 0x00, 0x01, 0x00, 0x40, 0x72, 0x70, 0x61, 0x74, 0x68, 0x2f, 0x41,
  0x70, 0x70, 0x4c, 0x6f, 0x76, 0x69, 0x6e, 0x53, 0x44, 0x4b, 0x2e, 0x66,
  0x72, 0x61, 0x6d, 0x65, 0x77, 0x6f, 0x72, 0x6b, 0x2f, 0x41, 0x70, 0x70,
  0x4c, 0x6f, 0x76, 0x69, 0x6e, 0x53, 0x44, 0x4b, 0x00, 0x00, 0x00, 0x00,
  0x00, 0x00, 0x00, 0x00, 0x0c, 0x00, 0x00, 0x00, 0x40, 0x00, 0x00, 0x00,
  0x18, 0x00, 0x00, 0x00, 0x02, 0x00, 0x00, 0x00, 0x00, 0x00, 0x01, 0x00,
  0x00, 0x00, 0x01, 0x00, 0x40, 0x72, 0x70, 0x61, 0x74, 0x68, 0x2f, 0x49,
  0x6e, 0x4d, 0x6f, 0x62, 0x69, 0x53, 0x44, 0x4b, 0x2e, 0x66, 0x72, 0x61,
  0x6d, 0x65, 0x77, 0x6f, 0x72, 0x6b, 0x2f, 0x49, 0x6e, 0x4d, 0x6f, 0x62,
  0x69, 0x53, 0x44, 0x4b, 0x00, 0x00, 0x00, 0x00, 0x0c, 0x00, 0x00, 0x00,
  0x58, 0x00, 0x00, 0x00, 0x18, 0x00, 0x00, 0x00, 0x02, 0x00, 0x00, 0x00,
  0x00, 0x00, 0x01, 0x00, 0x00, 0x00, 0x01, 0x00, 0x40, 0x72, 0x70, 0x61,
  0x74, 0x68, 0x2f, 0x41, 0x4c, 0x41, 0x64, 0x53, 0x75, 0x72, 0x67, 0x65,
  0x43, 0x75, 0x73, 0x74, 0x6f, 0x6d, 0x41, 0x64, 0x61, 0x70, 0x74, 0x65,
  0x72, 0x2e, 0x66, 0x72, 0x61, 0x6d, 0x65, 0x77, 0x6f, 0x72, 0x6b, 0x2f,
  0x41, 0x4c, 0x41, 0x64, 0x53, 0x75, 0x72, 0x67, 0x65, 0x43, 0x75, 0x73,
  0x74, 0x6f, 0x6d, 0x41, 0x64, 0x61, 0x70, 0x74, 0x65, 0x72, 0x00, 0x00,
  0x0c, 0x00, 0x00, 0x00, 0x40, 0x00, 0x00, 0x00, 0x18, 0x00, 0x00, 0x00,
  0x02, 0x00, 0x00, 0x00, 0x00, 0x00, 0x01, 0x00, 0x00, 0x00, 0x01, 0x00,
  0x40, 0x72, 0x70, 0x61, 0x74, 0x68, 0x2f, 0x4d, 0x6f, 0x6c, 0x6f, 0x63,
  0x6f, 0x53, 0x44, 0x4b, 0x2e, 0x66, 0x72, 0x61, 0x6d, 0x65, 0x77, 0x6f,
  0x72, 0x6b, 0x2f, 0x4d, 0x6f, 0x6c, 0x6f, 0x63, 0x6f, 0x53, 0x44, 0x4b,
  0x00, 0x00, 0x00, 0x00, 0x0c, 0x00, 0x00, 0x00, 0x38, 0x00, 0x00, 0x00,
  0x18, 0x00, 0x00, 0x00, 0x02, 0x00, 0x00, 0x00, 0x00, 0x00, 0xe4, 0x00,
  0x00, 0x00, 0x01, 0x00, 0x2f, 0x75, 0x73, 0x72, 0x2f, 0x6c, 0x69, 0x62,
  0x2f, 0x6c, 0x69, 0x62, 0x6f, 0x62, 0x6a, 0x63, 0x2e, 0x41, 0x2e, 0x64,
  0x79, 0x6c, 0x69, 0x62, 0x00, 0x00, 0x00, 0x00, 0x00, 0x00, 0x00, 0x00,
  0x0c, 0x00, 0x00, 0x00, 0x30, 0x00, 0x00, 0x00, 0x18, 0x00, 0x00, 0x00,
  0x02, 0x00, 0x00, 0x00, 0x00, 0x43, 0xd0, 0x07, 0x00, 0x00, 0x01, 0x00,
  0x2f, 0x75, 0x73, 0x72, 0x2f, 0x6c, 0x69, 0x62, 0x2f, 0x6c, 0x69, 0x62,
  0x63, 0x2b, 0x2b, 0x2e, 0x31, 0x2e, 0x64, 0x79, 0x6c, 0x69, 0x62, 0x00,
  0x0c, 0x00, 0x00, 0x00, 0x38, 0x00, 0x00, 0x00, 0x18, 0x00, 0x00, 0x00,
  0x02, 0x00, 0x00, 0x00, 0x00, 0x00, 0x4c, 0x05, 0x00, 0x00, 0x01, 0x00,
  0x2f, 0x75, 0x73, 0x72, 0x2f, 0x6c, 0x69, 0x62, 0x2f, 0x6c, 0x69, 0x62,
  0x53, 0x79, 0x73, 0x74, 0x65, 0x6d, 0x2e, 0x42, 0x2e, 0x64, 0x79, 0x6c,
  0x69, 0x62, 0x00, 0x00, 0x00, 0x00, 0x00, 0x00, 0x0c, 0x00, 0x00, 0x00,
  0x50, 0x00, 0x00, 0x00, 0x18, 0x00, 0x00, 0x00, 0x02, 0x00, 0x00, 0x00,
  0x00, 0x00, 0x01, 0x00, 0x00, 0x00, 0x01, 0x00, 0x2f, 0x53, 0x79, 0x73,
  0x74, 0x65, 0x6d, 0x2f, 0x4c, 0x69, 0x62, 0x72, 0x61, 0x72, 0x79, 0x2f,
  0x46, 0x72, 0x61, 0x6d, 0x65, 0x77, 0x6f, 0x72, 0x6b, 0x73, 0x2f, 0x41,
  0x56, 0x4b, 0x69, 0x74, 0x2e, 0x66, 0x72, 0x61, 0x6d, 0x65, 0x77, 0x6f,
  0x72, 0x6b, 0x2f, 0x41, 0x56, 0x4b, 0x69, 0x74, 0x00, 0x00, 0x00, 0x00,
  0x00, 0x00, 0x00, 0x00, 0x18, 0x00, 0x00, 0x80, 0x60, 0x00, 0x00, 0x00,
  0x18, 0x00, 0x00, 0x00, 0x02, 0x00, 0x00, 0x00, 0x00, 0x00, 0x01, 0x00,
  0x00, 0x00, 0x01, 0x00, 0x2f, 0x53, 0x79, 0x73, 0x74, 0x65, 0x6d, 0x2f,
  0x4c, 0x69, 0x62, 0x72, 0x61, 0x72, 0x79, 0x2f, 0x46, 0x72, 0x61, 0x6d,
  0x65, 0x77, 0x6f, 0x72, 0x6b, 0x73, 0x2f, 0x41, 0x64, 0x41, 0x74, 0x74,
  0x72, 0x69, 0x62, 0x75, 0x74, 0x69, 0x6f, 0x6e, 0x4b, 0x69, 0x74, 0x2e,
  0x66, 0x72, 0x61, 0x6d, 0x65, 0x77, 0x6f, 0x72, 0x6b, 0x2f, 0x41, 0x64,
  0x41, 0x74, 0x74, 0x72, 0x69, 0x62, 0x75, 0x74, 0x69, 0x6f, 0x6e, 0x4b,
  0x69, 0x74, 0x00, 0x00, 0x18, 0x00, 0x00, 0x80, 0x60, 0x00, 0x00, 0x00,
  0x18, 0x00, 0x00, 0x00, 0x02, 0x00, 0x00, 0x00, 0x00, 0x00, 0x69, 0x10,
  0x00, 0x00, 0x96, 0x00, 0x2f, 0x53, 0x79, 0x73, 0x74, 0x65, 0x6d, 0x2f,
  0x4c, 0x69, 0x62, 0x72, 0x61, 0x72, 0x79, 0x2f, 0x46, 0x72, 0x61, 0x6d,
  0x65, 0x77, 0x6f, 0x72, 0x6b, 0x73, 0x2f, 0x43, 0x6f, 0x72, 0x65, 0x46,
  0x6f, 0x75, 0x6e, 0x64, 0x61, 0x74, 0x69, 0x6f, 0x6e, 0x2e, 0x66, 0x72,
  0x61, 0x6d, 0x65, 0x77, 0x6f, 0x72, 0x6b, 0x2f, 0x43, 0x6f, 0x72, 0x65,
  0x46, 0x6f, 0x75, 0x6e, 0x64, 0x61, 0x74, 0x69, 0x6f, 0x6e, 0x00, 0x00,
  0x00, 0x00, 0x00, 0x00, 0x0c, 0x00, 0x00, 0x00, 0x58, 0x00, 0x00, 0x00,
  0x18, 0x00, 0x00, 0x00, 0x02, 0x00, 0x00, 0x00, 0x00, 0x00, 0x07, 0x00,
  0x00, 0x00, 0x01, 0x00, 0x2f, 0x53, 0x79, 0x73, 0x74, 0x65, 0x6d, 0x2f,
  0x4c, 0x69, 0x62, 0x72, 0x61, 0x72, 0x79, 0x2f, 0x46, 0x72, 0x61, 0x6d,
  0x65, 0x77, 0x6f, 0x72, 0x6b, 0x73, 0x2f, 0x43, 0x6f, 0x72, 0x65, 0x49,
  0x6d, 0x61, 0x67, 0x65, 0x2e, 0x66, 0x72, 0x61, 0x6d, 0x65, 0x77, 0x6f,
  0x72, 0x6b, 0x2f, 0x43, 0x6f, 0x72, 0x65, 0x49, 0x6d, 0x61, 0x67, 0x65,
  0x00, 0x00, 0x00, 0x00, 0x00, 0x00, 0x00, 0x00, 0x0c, 0x00, 0x00, 0x00,
  0x58, 0x00, 0x00, 0x00, 0x18, 0x00, 0x00, 0x00, 0x02, 0x00, 0x00, 0x00,
  0x00, 0x00, 0xca, 0x04, 0x00, 0x00, 0x01, 0x00, 0x2f, 0x53, 0x79, 0x73,
  0x74, 0x65, 0x6d, 0x2f, 0x4c, 0x69, 0x62, 0x72, 0x61, 0x72, 0x79, 0x2f,
  0x46, 0x72, 0x61, 0x6d, 0x65, 0x77, 0x6f, 0x72, 0x6b, 0x73, 0x2f, 0x43,
  0x6f, 0x72, 0x65, 0x53, 0x65, 0x72, 0x76, 0x69, 0x63, 0x65, 0x73, 0x2e,
  0x66, 0x72, 0x61, 0x6d, 0x65, 0x77, 0x6f, 0x72, 0x6b, 0x2f, 0x43, 0x6f,
  0x72, 0x65, 0x53, 0x65, 0x72, 0x76, 0x69, 0x63, 0x65, 0x73, 0x00, 0x00,
  0x0c, 0x00, 0x00, 0x00, 0x50, 0x00, 0x00, 0x00, 0x18, 0x00, 0x00, 0x00,
  0x02, 0x00, 0x00, 0x00, 0x00, 0x02, 0x6d, 0x03, 0x00, 0x00, 0x01, 0x00,
  0x2f, 0x53, 0x79, 0x73, 0x74, 0x65, 0x6d, 0x2f, 0x4c, 0x69, 0x62, 0x72,
  0x61, 0x72, 0x79, 0x2f, 0x46, 0x72, 0x61, 0x6d, 0x65, 0x77, 0x6f, 0x72,
  0x6b, 0x73, 0x2f, 0x43, 0x6f, 0x72, 0x65, 0x54, 0x65, 0x78, 0x74, 0x2e,
  0x66, 0x72, 0x61, 0x6d, 0x65, 0x77, 0x6f, 0x72, 0x6b, 0x2f, 0x43, 0x6f,
  0x72, 0x65, 0x54, 0x65, 0x78, 0x74, 0x00, 0x00, 0x0c, 0x00, 0x00, 0x00,
  0x58, 0x00, 0x00, 0x00, 0x18, 0x00, 0x00, 0x00, 0x02, 0x00, 0x00, 0x00,
  0x00, 0x00, 0x01, 0x00, 0x00, 0x00, 0x01, 0x00, 0x2f, 0x53, 0x79, 0x73,
  0x74, 0x65, 0x6d, 0x2f, 0x4c, 0x69, 0x62, 0x72, 0x61, 0x72, 0x79, 0x2f,
  0x46, 0x72, 0x61, 0x6d, 0x65, 0x77, 0x6f, 0x72, 0x6b, 0x73, 0x2f, 0x43,
  0x72, 0x79, 0x70, 0x74, 0x6f, 0x4b, 0x69, 0x74, 0x2e, 0x66, 0x72, 0x61,
  0x6d, 0x65, 0x77, 0x6f, 0x72, 0x6b, 0x2f, 0x43, 0x72, 0x79, 0x70, 0x74,
  0x6f, 0x4b, 0x69, 0x74, 0x00, 0x00, 0x00, 0x00, 0x00, 0x00, 0x00, 0x00,
  0x18, 0x00, 0x00, 0x80, 0x58, 0x00, 0x00, 0x00, 0x18, 0x00, 0x00, 0x00,
  0x02, 0x00, 0x00, 0x00, 0x1b, 0x3c, 0x2a, 0x0f, 0x00, 0x00, 0x01, 0x00,
  0x2f, 0x53, 0x79, 0x73, 0x74, 0x65, 0x6d, 0x2f, 0x4c, 0x69, 0x62, 0x72,
  0x61, 0x72, 0x79, 0x2f, 0x46, 0x72, 0x61, 0x6d, 0x65, 0x77, 0x6f, 0x72,
  0x6b, 0x73, 0x2f, 0x46, 0x69, 0x6c, 0x65, 0x50, 0x72, 0x6f, 0x76, 0x69,
  0x64, 0x65, 0x72, 0x2e, 0x66, 0x72, 0x61, 0x6d, 0x65, 0x77, 0x6f, 0x72,
  0x6b, 0x2f, 0x46, 0x69, 0x6c, 0x65, 0x50, 0x72, 0x6f, 0x76, 0x69, 0x64,
  0x65, 0x72, 0x00, 0x00, 0x18, 0x00, 0x00, 0x80, 0x60, 0x00, 0x00, 0x00,
  0x18, 0x00, 0x00, 0x00, 0x02, 0x00, 0x00, 0x00, 0x00, 0x00, 0x01, 0x00,
  0x00, 0x00, 0x01, 0x00, 0x2f, 0x53, 0x79, 0x73, 0x74, 0x65, 0x6d, 0x2f,
  0x4c, 0x69, 0x62, 0x72, 0x61, 0x72, 0x79, 0x2f, 0x46, 0x72, 0x61, 0x6d,
  0x65, 0x77, 0x6f, 0x72, 0x6b, 0x73, 0x2f, 0x4d, 0x61, 0x72, 0x6b, 0x65,
  0x74, 0x70, 0x6c, 0x61, 0x63, 0x65, 0x4b, 0x69, 0x74, 0x2e, 0x66, 0x72,
  0x61, 0x6d, 0x65, 0x77, 0x6f, 0x72, 0x6b, 0x2f, 0x4d, 0x61, 0x72, 0x6b,
  0x65, 0x74, 0x70, 0x6c, 0x61, 0x63, 0x65, 0x4b, 0x69, 0x74, 0x00, 0x00,
  0x00, 0x00, 0x00, 0x00, 0x0c, 0x00, 0x00, 0x00, 0x58, 0x00, 0x00, 0x00,
  0x18, 0x00, 0x00, 0x00, 0x02, 0x00, 0x00, 0x00, 0x00, 0x00, 0x01, 0x00,
  0x00, 0x00, 0x01, 0x00, 0x2f, 0x53, 0x79, 0x73, 0x74, 0x65, 0x6d, 0x2f,
  0x4c, 0x69, 0x62, 0x72, 0x61, 0x72, 0x79, 0x2f, 0x46, 0x72, 0x61, 0x6d,
  0x65, 0x77, 0x6f, 0x72, 0x6b, 0x73, 0x2f, 0x4d, 0x65, 0x64, 0x69, 0x61,
  0x50, 0x6c, 0x61, 0x79, 0x65, 0x72, 0x2e, 0x66, 0x72, 0x61, 0x6d, 0x65,
  0x77, 0x6f, 0x72, 0x6b, 0x2f, 0x4d, 0x65, 0x64, 0x69, 0x61, 0x50, 0x6c,
  0x61, 0x79, 0x65, 0x72, 0x00, 0x00, 0x00, 0x00, 0x0c, 0x00, 0x00, 0x00,
  0x50, 0x00, 0x00, 0x00, 0x18, 0x00, 0x00, 0x00, 0x02, 0x00, 0x00, 0x00,
  0x02, 0x40, 0x72, 0x01, 0x00, 0x00, 0x01, 0x00, 0x2f, 0x53, 0x79, 0x73,
  0x74, 0x65, 0x6d, 0x2f, 0x4c, 0x69, 0x62, 0x72, 0x61, 0x72, 0x79, 0x2f,
  0x46, 0x72, 0x61, 0x6d, 0x65, 0x77, 0x6f, 0x72, 0x6b, 0x73, 0x2f, 0x4d,
  0x65, 0x74, 0x61, 0x6c, 0x2e, 0x66, 0x72, 0x61, 0x6d, 0x65, 0x77, 0x6f,
  0x72, 0x6b, 0x2f, 0x4d, 0x65, 0x74, 0x61, 0x6c, 0x00, 0x00, 0x00, 0x00,
  0x00, 0x00, 0x00, 0x00, 0x0c, 0x00, 0x00, 0x00, 0x50, 0x00, 0x00, 0x00,
  0x18, 0x00, 0x00, 0x00, 0x02, 0x00, 0x00, 0x00, 0x00, 0x03, 0xac, 0x00,
  0x00, 0x00, 0x01, 0x00, 0x2f, 0x53, 0x79, 0x73, 0x74, 0x65, 0x6d, 0x2f,
  0x4c, 0x69, 0x62, 0x72, 0x61, 0x72, 0x79, 0x2f, 0x46, 0x72, 0x61, 0x6d,
  0x65, 0x77, 0x6f, 0x72, 0x6b, 0x73, 0x2f, 0x4d, 0x65, 0x74, 0x61, 0x6c,
  0x4b, 0x69, 0x74, 0x2e, 0x66, 0x72, 0x61, 0x6d, 0x65, 0x77, 0x6f, 0x72,
  0x6b, 0x2f, 0x4d, 0x65, 0x74, 0x61, 0x6c, 0x4b, 0x69, 0x74, 0x00, 0x00,
  0x18, 0x00, 0x00, 0x80, 0x58, 0x00, 0x00, 0x00, 0x18, 0x00, 0x00, 0x00,
  0x02, 0x00, 0x00, 0x00, 0x00, 0x00, 0x01, 0x00, 0x00, 0x00, 0x01, 0x00,
  0x2f, 0x53, 0x79, 0x73, 0x74, 0x65, 0x6d, 0x2f, 0x4c, 0x69, 0x62, 0x72,
  0x61, 0x72, 0x79, 0x2f, 0x46, 0x72, 0x61, 0x6d, 0x65, 0x77, 0x6f, 0x72,
  0x6b, 0x73, 0x2f, 0x4d, 0x65, 0x74, 0x72, 0x69, 0x63, 0x4b, 0x69, 0x74,
  0x2e, 0x66, 0x72, 0x61, 0x6d, 0x65, 0x77, 0x6f, 0x72, 0x6b, 0x2f, 0x4d,
  0x65, 0x74, 0x72, 0x69, 0x63, 0x4b, 0x69, 0x74, 0x00, 0x00, 0x00, 0x00,
  0x00, 0x00, 0x00, 0x00, 0x0c, 0x00, 0x00, 0x00, 0x50, 0x00, 0x00, 0x00,
  0x18, 0x00, 0x00, 0x00, 0x02, 0x00, 0x00, 0x00, 0x27, 0x3c, 0xc1, 0x15,
  0x00, 0x00, 0x01, 0x00, 0x2f, 0x53, 0x79, 0x73, 0x74, 0x65, 0x6d, 0x2f,
  0x4c, 0x69, 0x62, 0x72, 0x61, 0x72, 0x79, 0x2f, 0x46, 0x72, 0x61, 0x6d,
  0x65, 0x77, 0x6f, 0x72, 0x6b, 0x73, 0x2f, 0x4e, 0x65, 0x74, 0x77, 0x6f,
  0x72, 0x6b, 0x2e, 0x66, 0x72, 0x61, 0x6d, 0x65, 0x77, 0x6f, 0x72, 0x6b,
  0x2f, 0x4e, 0x65, 0x74, 0x77, 0x6f, 0x72, 0x6b, 0x00, 0x00, 0x00, 0x00,
  0x0c, 0x00, 0x00, 0x00, 0x50, 0x00, 0x00, 0x00, 0x18, 0x00, 0x00, 0x00,
  0x02, 0x00, 0x00, 0x00, 0x82, 0x00, 0x36, 0x03, 0x00, 0x00, 0x01, 0x00,
  0x2f, 0x53, 0x79, 0x73, 0x74, 0x65, 0x6d, 0x2f, 0x4c, 0x69, 0x62, 0x72,
  0x61, 0x72, 0x79, 0x2f, 0x46, 0x72, 0x61, 0x6d, 0x65, 0x77, 0x6f, 0x72,
  0x6b, 0x73, 0x2f, 0x50, 0x68, 0x6f, 0x74, 0x6f, 0x73, 0x2e, 0x66, 0x72,
  0x61, 0x6d, 0x65, 0x77, 0x6f, 0x72, 0x6b, 0x2f, 0x50, 0x68, 0x6f, 0x74,
  0x6f, 0x73, 0x00, 0x00, 0x00, 0x00, 0x00, 0x00, 0x0c, 0x00, 0x00, 0x00,
  0x60, 0x00, 0x00, 0x00, 0x18, 0x00, 0x00, 0x00, 0x02, 0x00, 0x00, 0x00,
  0x00, 0x00, 0x01, 0x00, 0x00, 0x00, 0x01, 0x00, 0x2f, 0x53, 0x79, 0x73,
  0x74, 0x65, 0x6d, 0x2f, 0x4c, 0x69, 0x62, 0x72, 0x61, 0x72, 0x79, 0x2f,
  0x46, 0x72, 0x61, 0x6d, 0x65, 0x77, 0x6f, 0x72, 0x6b, 0x73, 0x2f, 0x53,
  0x61, 0x66, 0x61, 0x72, 0x69, 0x53, 0x65, 0x72, 0x76, 0x69, 0x63, 0x65,
  0x73, 0x2e, 0x66, 0x72, 0x61, 0x6d, 0x65, 0x77, 0x6f, 0x72, 0x6b, 0x2f,
  0x53, 0x61, 0x66, 0x61, 0x72, 0x69, 0x53, 0x65, 0x72, 0x76, 0x69, 0x63,
  0x65, 0x73, 0x00, 0x00, 0x00, 0x00, 0x00, 0x00, 0x18, 0x00, 0x00, 0x80,
  0x70, 0x00, 0x00, 0x00, 0x18, 0x00, 0x00, 0x00, 0x02, 0x00, 0x00, 0x00,
  0x00, 0x00, 0xc5, 0x02, 0x00, 0x00, 0x01, 0x00, 0x2f, 0x53, 0x79, 0x73,
  0x74, 0x65, 0x6d, 0x2f, 0x4c, 0x69, 0x62, 0x72, 0x61, 0x72, 0x79, 0x2f,
  0x46, 0x72, 0x61, 0x6d, 0x65, 0x77, 0x6f, 0x72, 0x6b, 0x73, 0x2f, 0x55,
  0x6e, 0x69, 0x66, 0x6f, 0x72, 0x6d, 0x54, 0x79, 0x70, 0x65, 0x49, 0x64,
  0x65, 0x6e, 0x74, 0x69, 0x66, 0x69, 0x65, 0x72, 0x73, 0x2e, 0x66, 0x72,
  0x61, 0x6d, 0x65, 0x77, 0x6f, 0x72, 0x6b, 0x2f, 0x55, 0x6e, 0x69, 0x66,
  0x6f, 0x72, 0x6d, 0x54, 0x79, 0x70, 0x65, 0x49, 0x64, 0x65, 0x6e, 0x74,
  0x69, 0x66, 0x69, 0x65, 0x72, 0x73, 0x00, 0x00, 0x00, 0x00, 0x00, 0x00,
  0x18, 0x00, 0x00, 0x80, 0x58, 0x00, 0x00, 0x00, 0x18, 0x00, 0x00, 0x00,
  0x02, 0x00, 0x00, 0x00, 0x07, 0x02, 0x98, 0x02, 0x00, 0x00, 0x01, 0x00,
  0x2f, 0x53, 0x79, 0x73, 0x74, 0x65, 0x6d, 0x2f, 0x4c, 0x69, 0x62, 0x72,
  0x61, 0x72, 0x79, 0x2f, 0x46, 0x72, 0x61, 0x6d, 0x65, 0x77, 0x6f, 0x72,
  0x6b, 0x73, 0x2f, 0x57, 0x69, 0x64, 0x67, 0x65, 0x74, 0x4b, 0x69, 0x74,
  0x2e, 0x66, 0x72, 0x61, 0x6d, 0x65, 0x77, 0x6f, 0x72, 0x6b, 0x2f, 0x57,
  0x69, 0x64, 0x67, 0x65, 0x74, 0x4b, 0x69, 0x74, 0x00, 0x00, 0x00, 0x00,
  0x00, 0x00, 0x00, 0x00, 0x18, 0x00, 0x00, 0x80, 0x78, 0x00, 0x00, 0x00,
  0x18, 0x00, 0x00, 0x00, 0x02, 0x00, 0x00, 0x00, 0x00, 0x00, 0x01, 0x00,
  0x00, 0x00, 0x01, 0x00, 0x2f, 0x53, 0x79, 0x73, 0x74, 0x65, 0x6d, 0x2f,
  0x4c, 0x69, 0x62, 0x72, 0x61, 0x72, 0x79, 0x2f, 0x46, 0x72, 0x61, 0x6d,
  0x65, 0x77, 0x6f, 0x72, 0x6b, 0x73, 0x2f, 0x5f, 0x41, 0x64, 0x41, 0x74,
  0x74, 0x72, 0x69, 0x62, 0x75, 0x74, 0x69, 0x6f, 0x6e, 0x4b, 0x69, 0x74,
  0x5f, 0x53, 0x74, 0x6f, 0x72, 0x65, 0x4b, 0x69, 0x74, 0x2e, 0x66, 0x72,
  0x61, 0x6d, 0x65, 0x77, 0x6f, 0x72, 0x6b, 0x2f, 0x5f, 0x41, 0x64, 0x41,
  0x74, 0x74, 0x72, 0x69, 0x62, 0x75, 0x74, 0x69, 0x6f, 0x6e, 0x4b, 0x69,
  0x74, 0x5f, 0x53, 0x74, 0x6f, 0x72, 0x65, 0x4b, 0x69, 0x74, 0x00, 0x00,
  0x00, 0x00, 0x00, 0x00, 0x0c, 0x00, 0x00, 0x00, 0x38, 0x00, 0x00, 0x00,
  0x18, 0x00, 0x00, 0x00, 0x02, 0x00, 0x00, 0x00, 0x00, 0x00, 0x01, 0x00,
  0x00, 0x00, 0x01, 0x00, 0x2f, 0x75, 0x73, 0x72, 0x2f, 0x6c, 0x69, 0x62,
  0x2f, 0x6c, 0x69, 0x62, 0x63, 0x6f, 0x6d, 0x70, 0x72, 0x65, 0x73, 0x73,
  0x69, 0x6f, 0x6e, 0x2e, 0x64, 0x79, 0x6c, 0x69, 0x62, 0x00, 0x00, 0x00,
  0x18, 0x00, 0x00, 0x80, 0x48, 0x00, 0x00, 0x00, 0x18, 0x00, 0x00, 0x00,
  0x02, 0x00, 0x00, 0x00, 0x01, 0x06, 0x5b, 0x09, 0x00, 0x00, 0x01, 0x00,
  0x2f, 0x75, 0x73, 0x72, 0x2f, 0x6c, 0x69, 0x62, 0x2f, 0x73, 0x77, 0x69,
  0x66, 0x74, 0x2f, 0x6c, 0x69, 0x62, 0x73, 0x77, 0x69, 0x66, 0x74, 0x41,
  0x56, 0x46, 0x6f, 0x75, 0x6e, 0x64, 0x61, 0x74, 0x69, 0x6f, 0x6e, 0x2e,
  0x64, 0x79, 0x6c, 0x69, 0x62, 0x00, 0x00, 0x00, 0x00, 0x00, 0x00, 0x00,
  0x18, 0x00, 0x00, 0x80, 0x40, 0x00, 0x00, 0x00, 0x18, 0x00, 0x00, 0x00,
  0x02, 0x00, 0x00, 0x00, 0x00, 0x00, 0x4d, 0x00, 0x00, 0x00, 0x01, 0x00,
  0x2f, 0x75, 0x73, 0x72, 0x2f, 0x6c, 0x69, 0x62, 0x2f, 0x73, 0x77, 0x69,
  0x66, 0x74, 0x2f, 0x6c, 0x69, 0x62, 0x73, 0x77, 0x69, 0x66, 0x74, 0x41,
  0x63, 0x63, 0x65, 0x6c, 0x65, 0x72, 0x61, 0x74, 0x65, 0x2e, 0x64, 0x79,
  0x6c, 0x69, 0x62, 0x00, 0x0c, 0x00, 0x00, 0x00, 0x40, 0x00, 0x00, 0x00,
  0x18, 0x00, 0x00, 0x00, 0x02, 0x00, 0x00, 0x00, 0x00, 0x00, 0x00, 0x00,
  0x00, 0x00, 0x00, 0x00, 0x2f, 0x75, 0x73, 0x72, 0x2f, 0x6c, 0x69, 0x62,
  0x2f, 0x73, 0x77, 0x69, 0x66, 0x74, 0x2f, 0x6c, 0x69, 0x62, 0x73, 0x77,
  0x69, 0x66, 0x74, 0x43, 0x6f, 0x72, 0x65, 0x2e, 0x64, 0x79, 0x6c, 0x69,
  0x62, 0x00, 0x00, 0x00, 0x00, 0x00, 0x00, 0x00, 0x18, 0x00, 0x00, 0x80,
  0x40, 0x00, 0x00, 0x00, 0x18, 0x00, 0x00, 0x00, 0x02, 0x00, 0x00, 0x00,
  0x00, 0xff, 0x9b, 0x01, 0x00, 0x00, 0x01, 0x00, 0x2f, 0x75, 0x73, 0x72,
  0x2f, 0x6c, 0x69, 0x62, 0x2f, 0x73, 0x77, 0x69, 0x66, 0x74, 0x2f, 0x6c,
  0x69, 0x62, 0x73, 0x77, 0x69, 0x66, 0x74, 0x43, 0x6f, 0x72, 0x65, 0x41,
  0x75, 0x64, 0x69, 0x6f, 0x2e, 0x64, 0x79, 0x6c, 0x69, 0x62, 0x00, 0x00,
  0x0c, 0x00, 0x00, 0x00, 0x48, 0x00, 0x00, 0x00, 0x18, 0x00, 0x00, 0x00,
  0x02, 0x00, 0x00, 0x00, 0x00, 0x64, 0x78, 0x00, 0x00, 0x00, 0x01, 0x00,
  0x2f, 0x75, 0x73, 0x72, 0x2f, 0x6c, 0x69, 0x62, 0x2f, 0x73, 0x77, 0x69,
  0x66, 0x74, 0x2f, 0x6c, 0x69, 0x62, 0x73, 0x77, 0x69, 0x66, 0x74, 0x43,
  0x6f, 0x72, 0x65, 0x46, 0x6f, 0x75, 0x6e, 0x64, 0x61, 0x74, 0x69, 0x6f,
  0x6e, 0x2e, 0x64, 0x79, 0x6c, 0x69, 0x62, 0x00, 0x00, 0x00, 0x00, 0x00,
  0x18, 0x00, 0x00, 0x80, 0x40, 0x00, 0x00, 0x00, 0x18, 0x00, 0x00, 0x00,
  0x02, 0x00, 0x00, 0x00, 0x00, 0x02, 0x02, 0x00, 0x00, 0x00, 0x01, 0x00,
  0x2f, 0x75, 0x73, 0x72, 0x2f, 0x6c, 0x69, 0x62, 0x2f, 0x73, 0x77, 0x69,
  0x66, 0x74, 0x2f, 0x6c, 0x69, 0x62, 0x73, 0x77, 0x69, 0x66, 0x74, 0x43,
  0x6f, 0x72, 0x65, 0x49, 0x6d, 0x61, 0x67, 0x65, 0x2e, 0x64, 0x79, 0x6c,
  0x69, 0x62, 0x00, 0x00, 0x18, 0x00, 0x00, 0x80, 0x48, 0x00, 0x00, 0x00,
  0x18, 0x00, 0x00, 0x00, 0x02, 0x00, 0x00, 0x00, 0x00, 0x00, 0x35, 0x00,
  0x00, 0x00, 0x01, 0x00, 0x2f, 0x75, 0x73, 0x72, 0x2f, 0x6c, 0x69, 0x62,
  0x2f, 0x73, 0x77, 0x69, 0x66, 0x74, 0x2f, 0x6c, 0x69, 0x62, 0x73, 0x77,
  0x69, 0x66, 0x74, 0x43, 0x6f, 0x72, 0x65, 0x4c, 0x6f, 0x63, 0x61, 0x74,
  0x69, 0x6f, 0x6e, 0x2e, 0x64, 0x79, 0x6c, 0x69, 0x62, 0x00, 0x00, 0x00,
  0x00, 0x00, 0x00, 0x00, 0x18, 0x00, 0x00, 0x80, 0x40, 0x00, 0x00, 0x00,
  0x18, 0x00, 0x00, 0x00, 0x02, 0x00, 0x00, 0x00, 0x00, 0x00, 0x06, 0x00,
  0x00, 0x00, 0x01, 0x00, 0x2f, 0x75, 0x73, 0x72, 0x2f, 0x6c, 0x69, 0x62,
  0x2f, 0x73, 0x77, 0x69, 0x66, 0x74, 0x2f, 0x6c, 0x69, 0x62, 0x73, 0x77,
  0x69, 0x66, 0x74, 0x43, 0x6f, 0x72, 0x65, 0x4d, 0x49, 0x44, 0x49, 0x2e,
  0x64, 0x79, 0x6c, 0x69, 0x62, 0x00, 0x00, 0x00, 0x0c, 0x00, 0x00, 0x00,
  0x40, 0x00, 0x00, 0x00, 0x18, 0x00, 0x00, 0x00, 0x02, 0x00, 0x00, 0x00,
  0x01, 0x06, 0xda, 0x0c, 0x00, 0x00, 0x01, 0x00, 0x2f, 0x75, 0x73, 0x72,
  0x2f, 0x6c, 0x69, 0x62, 0x2f, 0x73, 0x77, 0x69, 0x66, 0x74, 0x2f, 0x6c,
  0x69, 0x62, 0x73, 0x77, 0x69, 0x66, 0x74, 0x43, 0x6f, 0x72, 0x65, 0x4d,
  0x65, 0x64, 0x69, 0x61, 0x2e, 0x64, 0x79, 0x6c, 0x69, 0x62, 0x00, 0x00,
  0x18, 0x00, 0x00, 0x80, 0x40, 0x00, 0x00, 0x00, 0x18, 0x00, 0x00, 0x00,
  0x02, 0x00, 0x00, 0x00, 0x02, 0x28, 0x5b, 0x01, 0x00, 0x00, 0x01, 0x00,
  0x2f, 0x75, 0x73, 0x72, 0x2f, 0x6c, 0x69, 0x62, 0x2f, 0x73, 0x77, 0x69,
  0x66, 0x74, 0x2f, 0x6c, 0x69, 0x62, 0x73, 0x77, 0x69, 0x66, 0x74, 0x44,
  0x61, 0x72, 0x77, 0x69, 0x6e, 0x2e, 0x64, 0x79, 0x6c, 0x69, 0x62, 0x00,
  0x00, 0x00, 0x00, 0x00, 0x18, 0x00, 0x00, 0x80, 0x48, 0x00, 0x00, 0x00,
  0x18, 0x00, 0x00, 0x00, 0x02, 0x00, 0x00, 0x00, 0x00, 0x01, 0x35, 0x03,
  0x00, 0x00, 0x01, 0x00, 0x2f, 0x75, 0x73, 0x72, 0x2f, 0x6c, 0x69, 0x62,
  0x2f, 0x73, 0x77, 0x69, 0x66, 0x74, 0x2f, 0x6c, 0x69, 0x62, 0x73, 0x77,
  0x69, 0x66, 0x74, 0x44, 0x61, 0x74, 0x61, 0x44, 0x65, 0x74, 0x65, 0x63,
  0x74, 0x69, 0x6f, 0x6e, 0x2e, 0x64, 0x79, 0x6c, 0x69, 0x62, 0x00, 0x00,
  0x00, 0x00, 0x00, 0x00, 0x0c, 0x00, 0x00, 0x00, 0x40, 0x00, 0x00, 0x00,
  0x18, 0x00, 0x00, 0x00, 0x02, 0x00, 0x00, 0x00, 0x00, 0x00, 0x38, 0x00,
  0x00, 0x00, 0x01, 0x00, 0x2f, 0x75, 0x73, 0x72, 0x2f, 0x6c, 0x69, 0x62,
  0x2f, 0x73, 0x77, 0x69, 0x66, 0x74, 0x2f, 0x6c, 0x69, 0x62, 0x73, 0x77,
  0x69, 0x66, 0x74, 0x44, 0x69, 0x73, 0x70, 0x61, 0x74, 0x63, 0x68, 0x2e,
  0x64, 0x79, 0x6c, 0x69, 0x62, 0x00, 0x00, 0x00, 0x18, 0x00, 0x00, 0x80,
  0x40, 0x00, 0x00, 0x00, 0x18, 0x00, 0x00, 0x00, 0x02, 0x00, 0x00, 0x00,
  0x00, 0x00, 0x0c, 0x00, 0x00, 0x00, 0x01, 0x00, 0x2f, 0x75, 0x73, 0x72,
  0x2f, 0x6c, 0x69, 0x62, 0x2f, 0x73, 0x77, 0x69, 0x66, 0x74, 0x2f, 0x6c,
  0x69, 0x62, 0x73, 0x77, 0x69, 0x66, 0x74, 0x49, 0x6e, 0x74, 0x65, 0x6e,
  0x74, 0x73, 0x2e, 0x64, 0x79, 0x6c, 0x69, 0x62, 0x00, 0x00, 0x00, 0x00,
  0x18, 0x00, 0x00, 0x80, 0x40, 0x00, 0x00, 0x00, 0x18, 0x00, 0x00, 0x00,
  0x02, 0x00, 0x00, 0x00, 0x02, 0x40, 0x72, 0x01, 0x00, 0x00, 0x01, 0x00,
  0x2f, 0x75, 0x73, 0x72, 0x2f, 0x6c, 0x69, 0x62, 0x2f, 0x73, 0x77, 0x69,
  0x66, 0x74, 0x2f, 0x6c, 0x69, 0x62, 0x73, 0x77, 0x69, 0x66, 0x74, 0x4d,
  0x65, 0x74, 0x61, 0x6c, 0x2e, 0x64, 0x79, 0x6c, 0x69, 0x62, 0x00, 0x00,
  0x00, 0x00, 0x00, 0x00, 0x18, 0x00, 0x00, 0x80, 0x40, 0x00, 0x00, 0x00,
  0x18, 0x00, 0x00, 0x00, 0x02, 0x00, 0x00, 0x00, 0x00, 0x00, 0x07, 0x00,
  0x00, 0x00, 0x01, 0x00, 0x2f, 0x75, 0x73, 0x72, 0x2f, 0x6c, 0x69, 0x62,
  0x2f, 0x73, 0x77, 0x69, 0x66, 0x74, 0x2f, 0x6c, 0x69, 0x62, 0x73, 0x77,
  0x69, 0x66, 0x74, 0x4d, 0x65, 0x74, 0x72, 0x69, 0x63, 0x4b, 0x69, 0x74,
  0x2e, 0x64, 0x79, 0x6c, 0x69, 0x62, 0x00, 0x00, 0x18, 0x00, 0x00, 0x80,
  0x40, 0x00, 0x00, 0x00, 0x18, 0x00, 0x00, 0x00, 0x02, 0x00, 0x00, 0x00,
  0x00, 0x00, 0x0a, 0x00, 0x00, 0x00, 0x01, 0x00, 0x2f, 0x75, 0x73, 0x72,
  0x2f, 0x6c, 0x69, 0x62, 0x2f, 0x73, 0x77, 0x69, 0x66, 0x74, 0x2f, 0x6c,
  0x69, 0x62, 0x73, 0x77, 0x69, 0x66, 0x74, 0x4f, 0x53, 0x4c, 0x6f, 0x67,
  0x2e, 0x64, 0x79, 0x6c, 0x69, 0x62, 0x00, 0x00, 0x00, 0x00, 0x00, 0x00,
  0x0c, 0x00, 0x00, 0x00, 0x40, 0x00, 0x00, 0x00, 0x18, 0x00, 0x00, 0x00,
  0x02, 0x00, 0x00, 0x00, 0x00, 0x01, 0xb7, 0x03, 0x00, 0x00, 0x01, 0x00,
  0x2f, 0x75, 0x73, 0x72, 0x2f, 0x6c, 0x69, 0x62, 0x2f, 0x73, 0x77, 0x69,
  0x66, 0x74, 0x2f, 0x6c, 0x69, 0x62, 0x73, 0x77, 0x69, 0x66, 0x74, 0x4f,
  0x62, 0x6a, 0x65, 0x63, 0x74, 0x69, 0x76, 0x65, 0x43, 0x2e, 0x64, 0x79,
  0x6c, 0x69, 0x62, 0x00, 0x18, 0x00, 0x00, 0x80, 0x40, 0x00, 0x00, 0x00,
  0x18, 0x00, 0x00, 0x00, 0x02, 0x00, 0x00, 0x00, 0x00, 0x00, 0x05, 0x00,
  0x00, 0x00, 0x01, 0x00, 0x2f, 0x75, 0x73, 0x72, 0x2f, 0x6c, 0x69, 0x62,
  0x2f, 0x73, 0x77, 0x69, 0x66, 0x74, 0x2f, 0x6c, 0x69, 0x62, 0x73, 0x77,
  0x69, 0x66, 0x74, 0x51, 0x75, 0x61, 0x72, 0x74, 0x7a, 0x43, 0x6f, 0x72,
  0x65, 0x2e, 0x64, 0x79, 0x6c, 0x69, 0x62, 0x00, 0x18, 0x00, 0x00, 0x80,
  0x40, 0x00, 0x00, 0x00, 0x18, 0x00, 0x00, 0x00, 0x02, 0x00, 0x00, 0x00,
  0x00, 0x00, 0x01, 0x00, 0x00, 0x00, 0x01, 0x00, 0x2f, 0x75, 0x73, 0x72,
  0x2f, 0x6c, 0x69, 0x62, 0x2f, 0x73, 0x77, 0x69, 0x66, 0x74, 0x2f, 0x6c,
  0x69, 0x62, 0x73, 0x77, 0x69, 0x66, 0x74, 0x53, 0x70, 0x61, 0x74, 0x69,
  0x61, 0x6c, 0x2e, 0x64, 0x79, 0x6c, 0x69, 0x62, 0x00, 0x00, 0x00, 0x00,
  0x18, 0x00, 0x00, 0x80, 0x50, 0x00, 0x00, 0x00, 0x18, 0x00, 0x00, 0x00,
  0x02, 0x00, 0x00, 0x00, 0x04, 0x02, 0x6f, 0x03, 0x00, 0x00, 0x01, 0x00,
  0x2f, 0x75, 0x73, 0x72, 0x2f, 0x6c, 0x69, 0x62, 0x2f, 0x73, 0x77, 0x69,
  0x66, 0x74, 0x2f, 0x6c, 0x69, 0x62, 0x73, 0x77, 0x69, 0x66, 0x74, 0x55,
  0x6e, 0x69, 0x66, 0x6f, 0x72, 0x6d, 0x54, 0x79, 0x70, 0x65, 0x49, 0x64,
  0x65, 0x6e, 0x74, 0x69, 0x66, 0x69, 0x65, 0x72, 0x73, 0x2e, 0x64, 0x79,
  0x6c, 0x69, 0x62, 0x00, 0x00, 0x00, 0x00, 0x00, 0x18, 0x00, 0x00, 0x80,
  0x40, 0x00, 0x00, 0x00, 0x18, 0x00, 0x00, 0x00, 0x02, 0x00, 0x00, 0x00,
  0x0e, 0x00, 0x69, 0x00, 0x00, 0x00, 0x01, 0x00, 0x2f, 0x75, 0x73, 0x72,
  0x2f, 0x6c, 0x69, 0x62, 0x2f, 0x73, 0x77, 0x69, 0x66, 0x74, 0x2f, 0x6c,
  0x69, 0x62, 0x73, 0x77, 0x69, 0x66, 0x74, 0x58, 0x50, 0x43, 0x2e, 0x64,
  0x79, 0x6c, 0x69, 0x62, 0x00, 0x00, 0x00, 0x00, 0x00, 0x00, 0x00, 0x00,
  0x18, 0x00, 0x00, 0x80, 0x48, 0x00, 0x00, 0x00, 0x18, 0x00, 0x00, 0x00,
  0x02, 0x00, 0x00, 0x00, 0x00, 0x00, 0x00, 0x00, 0x00, 0x00, 0x01, 0x00,
  0x2f, 0x75, 0x73, 0x72, 0x2f, 0x6c, 0x69, 0x62, 0x2f, 0x73, 0x77, 0x69,
  0x66, 0x74, 0x2f, 0x6c, 0x69, 0x62, 0x73, 0x77, 0x69, 0x66, 0x74, 0x5f,
  0x53, 0x74, 0x72, 0x69, 0x6e, 0x67, 0x50, 0x72, 0x6f, 0x63, 0x65, 0x73,
  0x73, 0x69, 0x6e, 0x67, 0x2e, 0x64, 0x79, 0x6c, 0x69, 0x62, 0x00, 0x00,
  0x0c, 0x00, 0x00, 0x00, 0x38, 0x00, 0x00, 0x00, 0x18, 0x00, 0x00, 0x00,
  0x02, 0x00, 0x00, 0x00, 0x02, 0x28, 0x34, 0x04, 0x00, 0x00, 0x01, 0x00,
  0x2f, 0x75, 0x73, 0x72, 0x2f, 0x6c, 0x69, 0x62, 0x2f, 0x73, 0x77, 0x69,
  0x66, 0x74, 0x2f, 0x6c, 0x69, 0x62, 0x73, 0x77, 0x69, 0x66, 0x74, 0x6f,
  0x73, 0x2e, 0x64, 0x79, 0x6c, 0x69, 0x62, 0x00, 0x18, 0x00, 0x00, 0x80,
  0x40, 0x00, 0x00, 0x00, 0x18, 0x00, 0x00, 0x00, 0x02, 0x00, 0x00, 0x00,
  0x00, 0x00, 0x17, 0x00, 0x00, 0x00, 0x01, 0x00, 0x2f, 0x75, 0x73, 0x72,
  0x2f, 0x6c, 0x69, 0x62, 0x2f, 0x73, 0x77, 0x69, 0x66, 0x74, 0x2f, 0x6c,
  0x69, 0x62, 0x73, 0x77, 0x69, 0x66, 0x74, 0x73, 0x69, 0x6d, 0x64, 0x2e,
  0x64, 0x79, 0x6c, 0x69, 0x62, 0x00, 0x00, 0x00, 0x00, 0x00, 0x00, 0x00,
  0x18, 0x00, 0x00, 0x80, 0x40, 0x00, 0x00, 0x00, 0x18, 0x00, 0x00, 0x00,
  0x02, 0x00, 0x00, 0x00, 0x00, 0x00, 0x00, 0x00, 0x00, 0x00, 0x01, 0x00,
  0x40, 0x72, 0x70, 0x61, 0x74, 0x68, 0x2f, 0x6c, 0x69, 0x62, 0x73, 0x77,
  0x69, 0x66, 0x74, 0x5f, 0x43, 0x6f, 0x6e, 0x63, 0x75, 0x72, 0x72, 0x65,
  0x6e, 0x63, 0x79, 0x2e, 0x64, 0x79, 0x6c, 0x69, 0x62, 0x00, 0x00, 0x00,
  0x00, 0x00, 0x00, 0x00, 0x0c, 0x00, 0x00, 0x00, 0x48, 0x00, 0x00, 0x00,
  0x18, 0x00, 0x00, 0x00, 0x02, 0x00, 0x00, 0x00, 0x00, 0x00, 0x01, 0x00,
  0x00, 0x00, 0x01, 0x00, 0x2f, 0x75, 0x73, 0x72, 0x2f, 0x6c, 0x69, 0x62,
  0x2f, 0x73, 0x77, 0x69, 0x66, 0x74, 0x2f, 0x6c, 0x69, 0x62, 0x73, 0x77,
  0x69, 0x66, 0x74, 0x43, 0x6f, 0x72, 0x65, 0x47, 0x72, 0x61, 0x70, 0x68,
  0x69, 0x63, 0x73, 0x2e, 0x64, 0x79, 0x6c, 0x69, 0x62, 0x00, 0x00, 0x00,
  0x00, 0x00, 0x00, 0x00, 0x0c, 0x00, 0x00, 0x00, 0x40, 0x00, 0x00, 0x00,
  0x18, 0x00, 0x00, 0x00, 0x02, 0x00, 0x00, 0x00, 0x00, 0x00, 0x01, 0x00,
  0x00, 0x00, 0x01, 0x00, 0x2f, 0x75, 0x73, 0x72, 0x2f, 0x6c, 0x69, 0x62,
  0x2f, 0x73, 0x77, 0x69, 0x66, 0x74, 0x2f, 0x6c, 0x69, 0x62, 0x73, 0x77,
  0x69, 0x66, 0x74, 0x46, 0x6f, 0x75, 0x6e, 0x64, 0x61, 0x74, 0x69, 0x6f,
  0x6e, 0x2e, 0x64, 0x79, 0x6c, 0x69, 0x62, 0x00, 0x0c, 0x00, 0x00, 0x00,
  0x40, 0x00, 0x00, 0x00, 0x18, 0x00, 0x00, 0x00, 0x02, 0x00, 0x00, 0x00,
  0x00, 0x00, 0x01, 0x00, 0x00, 0x00, 0x01, 0x00, 0x2f, 0x75, 0x73, 0x72,
  0x2f, 0x6c, 0x69, 0x62, 0x2f, 0x73, 0x77, 0x69, 0x66, 0x74, 0x2f, 0x6c,
  0x69, 0x62, 0x73, 0x77, 0x69, 0x66, 0x74, 0x55, 0x49, 0x4b, 0x69, 0x74,
  0x2e, 0x64, 0x79, 0x6c, 0x69, 0x62, 0x00, 0x00, 0x00, 0x00, 0x00, 0x00,
  0x0c, 0x00, 0x00, 0x00, 0x40, 0x00, 0x00, 0x00, 0x18, 0x00, 0x00, 0x00,
  0x02, 0x00, 0x00, 0x00, 0x27, 0x3c, 0xc1, 0x15, 0x00, 0x00, 0x01, 0x00,
  0x2f, 0x75, 0x73, 0x72, 0x2f, 0x6c, 0x69, 0x62, 0x2f, 0x73, 0x77, 0x69,
  0x66, 0x74, 0x2f, 0x6c, 0x69, 0x62, 0x73, 0x77, 0x69, 0x66, 0x74, 0x4e,
  0x65, 0x74, 0x77, 0x6f, 0x72, 0x6b, 0x2e, 0x64, 0x79, 0x6c, 0x69, 0x62,
  0x00, 0x00, 0x00, 0x00, 0x1c, 0x00, 0x00, 0x80, 0x20, 0x00, 0x00, 0x00,
  0x0c, 0x00, 0x00, 0x00, 0x2f, 0x75, 0x73, 0x72, 0x2f, 0x6c, 0x69, 0x62,
  0x2f, 0x73, 0x77, 0x69, 0x66, 0x74, 0x00, 0x00, 0x00, 0x00, 0x00, 0x00,
  0x1c, 0x00, 0x00, 0x80, 0x28, 0x00, 0x00, 0x00, 0x0c, 0x00, 0x00, 0x00,
  0x40, 0x65, 0x78, 0x65, 0x63, 0x75, 0x74, 0x61, 0x62, 0x6c, 0x65, 0x5f,
  0x70, 0x61, 0x74, 0x68, 0x2f, 0x46, 0x72, 0x61, 0x6d, 0x65, 0x77, 0x6f,
  0x72, 0x6b, 0x73, 0x00, 0x26, 0x00, 0x00, 0x00, 0x10, 0x00, 0x00, 0x00,
  0x40, 0xba, 0x88, 0x04, 0x58, 0x90, 0x05, 0x00, 0x29, 0x00, 0x00, 0x00,
  0x10, 0x00, 0x00, 0x00, 0x98, 0x4a, 0x8e, 0x04, 0x00, 0x00, 0x00, 0x00,
  0x1d, 0x00, 0x00, 0x00, 0x10, 0x00, 0x00, 0x00, 0xc0, 0x1a, 0x92, 0x04,
  0xf0, 0x04, 0x1e, 0x00, 0x0c, 0x00, 0x00, 0x00, 0x58, 0x00, 0x00, 0x00,
  0x18, 0x00, 0x00, 0x00, 0x02, 0x00, 0x00, 0x00, 0x01, 0x01, 0x00, 0x00,
  0x00, 0x00, 0x00, 0x00, 0x40, 0x65, 0x78, 0x65, 0x63, 0x75, 0x74, 0x61,
  0x62, 0x6c, 0x65, 0x5f, 0x70, 0x61, 0x74, 0x68, 0x2f, 0x46, 0x72, 0x61,
  0x6d, 0x65, 0x77, 0x6f, 0x72, 0x6b, 0x73, 0x2f, 0x6c, 0x69, 0x62, 0x6c,
  0x6f, 0x61, 0x64, 0x65, 0x72, 0x2e, 0x66, 0x72, 0x61, 0x6d, 0x65, 0x77,
  0x6f, 0x72, 0x6b, 0x2f, 0x6c, 0x69, 0x62, 0x6c, 0x6f, 0x61, 0x64, 0x65,
  0x72, 0x00, 0x00, 0x00, 0x00, 0x00, 0x00, 0x00, 0x00, 0x00, 0x00, 0x00,
  0x00, 0x00, 0x00, 0x00, 0x00, 0x00, 0x00, 0x00, 0x00, 0x00, 0x00, 0x00,
  0x00, 0x00, 0x00, 0x00, 0x00, 0x00, 0x00, 0x00, 0x00, 0x00, 0x00, 0x00,
  0x00, 0x00, 0x00, 0x00, 0x00, 0x00, 0x00, 0x00, 0x00, 0x00, 0x00, 0x00,
  0x00, 0x00, 0x00, 0x00, 0x00, 0x00, 0x00, 0x00, 0x00, 0x00, 0x00, 0x00,
  0x00, 0x00, 0x00, 0x00, 0x00, 0x00, 0x00, 0x00, 0x00, 0x00, 0x00, 0x00,
  0x00, 0x00, 0x00, 0x00, 0x00, 0x00, 0x00, 0x00, 0x00, 0x00, 0x00, 0x00,
  0x00, 0x00, 0x00, 0x00, 0x00, 0x00, 0x00, 0x00, 0x00, 0x00, 0x00, 0x00,
  0x00, 0x00, 0x00, 0x00, 0x00, 0x00, 0x00, 0x00, 0x00, 0x00, 0x00, 0x00,
  0x00, 0x00, 0x00, 0x00, 0x00, 0x00, 0x00, 0x00, 0x00, 0x00, 0x00, 0x00,
  0x00, 0x00, 0x00, 0x00, 0x00, 0x00, 0x00, 0x00, 0x00, 0x00, 0x00, 0x00,
  0x00, 0x00, 0x00, 0x00, 0x00, 0x00, 0x00, 0x00, 0x00, 0x00, 0x00, 0x00,
  0x00, 0x00, 0x00, 0x00, 0x00, 0x00, 0x00, 0x00, 0x00, 0x00, 0x00, 0x00,
  0x00, 0x00, 0x00, 0x00, 0x00, 0x00, 0x00, 0x00, 0x00, 0x00, 0x00, 0x00,
  0x00, 0x00, 0x00, 0x00, 0x00, 0x00, 0x00, 0x00, 0x00, 0x00, 0x00, 0x00,
  0x00, 0x00, 0x00, 0x00, 0x00, 0x00, 0x00, 0x00, 0x00, 0x00, 0x00, 0x00,
  0x00, 0x00, 0x00, 0x00, 0x00, 0x00, 0x00, 0x00, 0x00, 0x00, 0x00, 0x00,
  0x00, 0x00, 0x00, 0x00, 0x00, 0x00, 0x00, 0x00, 0x00, 0x00, 0x00, 0x00,
  0x00, 0x00, 0x00, 0x00, 0x00, 0x00, 0x00, 0x00, 0x00, 0x00, 0x00, 0x00,
  0x00, 0x00, 0x00, 0x00, 0x00, 0x00, 0x00, 0x00, 0x00, 0x00, 0x00, 0x00,
  0x00, 0x00, 0x00, 0x00, 0x00, 0x00, 0x00, 0x00, 0x00, 0x00, 0x00, 0x00,
  0x00, 0x00, 0x00, 0x00, 0x00, 0x00, 0x00, 0x00, 0x00, 0x00, 0x00, 0x00,
  0x00, 0x00, 0x00, 0x00, 0x00, 0x00, 0x00, 0x00, 0x00, 0x00, 0x00, 0x00,
  0x00, 0x00, 0x00, 0x00, 0x00, 0x00, 0x00, 0x00, 0x00, 0x00, 0x00, 0x00,
  0x00, 0x00, 0x00, 0x00, 0x00, 0x00, 0x00, 0x00, 0x00, 0x00, 0x00, 0x00,
  0x00, 0x00, 0x00, 0x00, 0x00, 0x00, 0x00, 0x00, 0x00, 0x00, 0x00, 0x00,
  0x00, 0x00, 0x00, 0x00, 0x00, 0x00, 0x00, 0x00, 0x00, 0x00, 0x00, 0x00,
  0x00, 0x00, 0x00, 0x00, 0x00, 0x00, 0x00, 0x00, 0x00, 0x00, 0x00, 0x00,
  0x00, 0x00, 0x00, 0x00, 0x00, 0x00, 0x00, 0x00, 0x00, 0x00, 0x00, 0x00,
  0x00, 0x00, 0x00, 0x00, 0x00, 0x00, 0x00, 0x00, 0x00, 0x00, 0x00, 0x00,
  0x00, 0x00, 0x00, 0x00, 0x00, 0x00, 0x00, 0x00, 0x00, 0x00, 0x00, 0x00,
  0x00, 0x00, 0x00, 0x00, 0x00, 0x00, 0x00, 0x00, 0x00, 0x00, 0x00, 0x00,
  0x00, 0x00, 0x00, 0x00, 0x00, 0x00, 0x00, 0x00, 0x00, 0x00, 0x00, 0x00,
  0x00, 0x00, 0x00, 0x00, 0x00, 0x00, 0x00, 0x00, 0x00, 0x00, 0x00, 0x00,
  0x00, 0x00, 0x00, 0x00, 0x00, 0x00, 0x00, 0x00, 0x00, 0x00, 0x00, 0x00,
  0x00, 0x00, 0x00, 0x00, 0x00, 0x00, 0x00, 0x00, 0x00, 0x00, 0x00, 0x00,
  0x00, 0x00, 0x00, 0x00, 0x00, 0x00, 0x00, 0x00, 0x00, 0x00, 0x00, 0x00,
  0x00, 0x00, 0x00, 0x00, 0x00, 0x00, 0x00, 0x00, 0x00, 0x00, 0x00, 0x00,
  0x00, 0x00, 0x00, 0x00, 0x00, 0x00, 0x00, 0x00, 0x00, 0x00, 0x00, 0x00,
  0x00, 0x00, 0x00, 0x00, 0x00, 0x00, 0x00, 0x00, 0x00, 0x00, 0x00, 0x00,
  0x00, 0x00, 0x00, 0x00, 0x00, 0x00, 0x00, 0x00, 0x00, 0x00, 0x00, 0x00,
  0x00, 0x00, 0x00, 0x00, 0x00, 0x00, 0x00, 0x00, 0x00, 0x00, 0x00, 0x00,
  0x00, 0x00, 0x00, 0x00, 0x00, 0x00, 0x00, 0x00, 0x00, 0x00, 0x00, 0x00,
  0x00, 0x00, 0x00, 0x00, 0x00, 0x00, 0x00, 0x00, 0x00, 0x00, 0x00, 0x00,
  0x00, 0x00, 0x00, 0x00, 0x00, 0x00, 0x00, 0x00, 0x00, 0x00, 0x00, 0x00,
  0x00, 0x00, 0x00, 0x00, 0x00, 0x00, 0x00, 0x00, 0x00, 0x00, 0x00, 0x00,
  0x00, 0x00, 0x00, 0x00, 0x00, 0x00, 0x00, 0x00, 0x00, 0x00, 0x00, 0x00,
  0x00, 0x00, 0x00, 0x00, 0x00, 0x00, 0x00, 0x00, 0x00, 0x00, 0x00, 0x00,
  0x00, 0x00, 0x00, 0x00, 0x00, 0x00, 0x00, 0x00, 0x00, 0x00, 0x00, 0x00,
  0x00, 0x00, 0x00, 0x00, 0x00, 0x00, 0x00, 0x00, 0x00, 0x00, 0x00, 0x00,
  0x00, 0x00, 0x00, 0x00, 0x00, 0x00, 0x00, 0x00, 0x00, 0x00, 0x00, 0x00,
  0x00, 0x00, 0x00, 0x00, 0x00, 0x00, 0x00, 0x00, 0x00, 0x00, 0x00, 0x00,
  0x00, 0x00, 0x00, 0x00, 0x00, 0x00, 0x00, 0x00, 0x00, 0x00, 0x00, 0x00,
  0x00, 0x00, 0x00, 0x00, 0x00, 0x00, 0x00, 0x00, 0x00, 0x00, 0x00, 0x00,
  0x00, 0x00, 0x00, 0x00, 0x00, 0x00, 0x00, 0x00, 0x00, 0x00, 0x00, 0x00,
  0x00, 0x00, 0x00, 0x00, 0x00, 0x00, 0x00, 0x00, 0x00, 0x00, 0x00, 0x00,
  0x00, 0x00, 0x00, 0x00, 0x00, 0x00, 0x00, 0x00, 0x00, 0x00, 0x00, 0x00,
  0x00, 0x00, 0x00, 0x00, 0x00, 0x00, 0x00, 0x00, 0x00, 0x00, 0x00, 0x00,
  0x00, 0x00, 0x00, 0x00, 0x00, 0x00, 0x00, 0x00, 0x00, 0x00, 0x00, 0x00,
  0x00, 0x00, 0x00, 0x00, 0x00, 0x00, 0x00, 0x00, 0x00, 0x00, 0x00, 0x00,
  0x00, 0x00, 0x00, 0x00, 0x00, 0x00, 0x00, 0x00, 0x00, 0x00, 0x00, 0x00,
  0x00, 0x00, 0x00, 0x00, 0x00, 0x00, 0x00, 0x00, 0x00, 0x00, 0x00, 0x00,
  0x00, 0x00, 0x00, 0x00, 0x00, 0x00, 0x00, 0x00, 0x00, 0x00, 0x00, 0x00,
  0x00, 0x00, 0x00, 0x00, 0x00, 0x00, 0x00, 0x00, 0x00, 0x00, 0x00, 0x00,
  0x00, 0x00, 0x00, 0x00, 0x00, 0x00, 0x00, 0x00, 0x00, 0x00, 0x00, 0x00,
  0x00, 0x00, 0x00, 0x00, 0x00, 0x00, 0x00, 0x00, 0x00, 0x00, 0x00, 0x00,
  0x00, 0x00, 0x00, 0x00, 0x00, 0x00, 0x00, 0x00, 0x00, 0x00, 0x00, 0x00,
  0x00, 0x00, 0x00, 0x00, 0x00, 0x00, 0x00, 0x00, 0x00, 0x00, 0x00, 0x00,
  0x00, 0x00, 0x00, 0x00, 0x00, 0x00, 0x00, 0x00, 0x00, 0x00, 0x00, 0x00,
  0x00, 0x00, 0x00, 0x00, 0x00, 0x00, 0x00, 0x00, 0x00, 0x00, 0x00, 0x00,
  0x00, 0x00, 0x00, 0x00, 0x00, 0x00, 0x00, 0x00, 0x00, 0x00, 0x00, 0x00,
  0x00, 0x00, 0x00, 0x00, 0x00, 0x00, 0x00, 0x00, 0x00, 0x00, 0x00, 0x00,
  0x00, 0x00, 0x00, 0x00, 0x00, 0x00, 0x00, 0x00, 0x00, 0x00, 0x00, 0x00,
  0x00, 0x00, 0x00, 0x00, 0x00, 0x00, 0x00, 0x00, 0x00, 0x00, 0x00, 0x00,
  0x00, 0x00, 0x00, 0x00, 0x00, 0x00, 0x00, 0x00, 0x00, 0x00, 0x00, 0x00,
  0x00, 0x00, 0x00, 0x00, 0x00, 0x00, 0x00, 0x00, 0x00, 0x00, 0x00, 0x00,
  0x00, 0x00, 0x00, 0x00, 0x00, 0x00, 0x00, 0x00, 0x00, 0x00, 0x00, 0x00,
  0x00, 0x00, 0x00, 0x00, 0x00, 0x00, 0x00, 0x00, 0x00, 0x00, 0x00, 0x00,
  0x00, 0x00, 0x00, 0x00, 0x00, 0x00, 0x00, 0x00, 0x00, 0x00, 0x00, 0x00,
  0x00, 0x00, 0x00, 0x00, 0x00, 0x00, 0x00, 0x00, 0x00, 0x00, 0x00, 0x00,
  0x00, 0x00, 0x00, 0x00, 0x00, 0x00, 0x00, 0x00, 0x00, 0x00, 0x00, 0x00,
  0x00, 0x00, 0x00, 0x00, 0x00, 0x00, 0x00, 0x00, 0x00, 0x00, 0x00, 0x00,
  0x00, 0x00, 0x00, 0x00, 0x00, 0x00, 0x00, 0x00, 0x00, 0x00, 0x00, 0x00,
  0x00, 0x00, 0x00, 0x00, 0x00, 0x00, 0x00, 0x00, 0x00, 0x00, 0x00, 0x00,
  0x00, 0x00, 0x00, 0x00, 0x00, 0x00, 0x00, 0x00, 0x00, 0x00, 0x00, 0x00,
  0x00, 0x00, 0x00, 0x00, 0x00, 0x00, 0x00, 0x00, 0x00, 0x00, 0x00, 0x00,
  0x00, 0x00, 0x00, 0x00, 0x00, 0x00, 0x00, 0x00, 0x00, 0x00, 0x00, 0x00,
  0x00, 0x00, 0x00, 0x00, 0x00, 0x00, 0x00, 0x00, 0x00, 0x00, 0x00, 0x00,
  0x00, 0x00, 0x00, 0x00, 0x00, 0x00, 0x00, 0x00, 0x00, 0x00, 0x00, 0x00,
  0x00, 0x00, 0x00, 0x00, 0x00, 0x00, 0x00, 0x00, 0x00, 0x00, 0x00, 0x00,
  0x00, 0x00, 0x00, 0x00, 0x00, 0x00, 0x00, 0x00, 0x00, 0x00, 0x00, 0x00,
  0x00, 0x00, 0x00, 0x00, 0x00, 0x00, 0x00, 0x00, 0x00, 0x00, 0x00, 0x00,
  0x00, 0x00, 0x00, 0x00, 0x00, 0x00, 0x00, 0x00, 0x00, 0x00, 0x00, 0x00,
  0x00, 0x00, 0x00, 0x00, 0x00, 0x00, 0x00, 0x00, 0x00, 0x00, 0x00, 0x00,
  0x00, 0x00, 0x00, 0x00, 0x00, 0x00, 0x00, 0x00, 0x00, 0x00, 0x00, 0x00,
  0x00, 0x00, 0x00, 0x00, 0x00, 0x00, 0x00, 0x00, 0x00, 0x00, 0x00, 0x00,
  0x00, 0x00, 0x00, 0x00, 0x00, 0x00, 0x00, 0x00, 0x00, 0x00, 0x00, 0x00,
  0x00, 0x00, 0x00, 0x00, 0x00, 0x00, 0x00, 0x00, 0x00, 0x00, 0x00, 0x00,
  0x00, 0x00, 0x00, 0x00, 0x00, 0x00, 0x00, 0x00, 0x00, 0x00, 0x00, 0x00,
  0x00, 0x00, 0x00, 0x00, 0x00, 0x00, 0x00, 0x00, 0x00, 0x00, 0x00, 0x00,
  0x00, 0x00, 0x00, 0x00, 0x00, 0x00, 0x00, 0x00, 0x00, 0x00, 0x00, 0x00,
  0x00, 0x00, 0x00, 0x00, 0x00, 0x00, 0x00, 0x00, 0x00, 0x00, 0x00, 0x00,
  0x00, 0x00, 0x00, 0x00, 0x00, 0x00, 0x00, 0x00, 0x00, 0x00, 0x00, 0x00,
  0x00, 0x00, 0x00, 0x00, 0x00, 0x00, 0x00, 0x00, 0x00, 0x00, 0x00, 0x00,
  0x00, 0x00, 0x00, 0x00, 0x00, 0x00, 0x00, 0x00, 0x00, 0x00, 0x00, 0x00,
  0x00, 0x00, 0x00, 0x00, 0x00, 0x00, 0x00, 0x00, 0x00, 0x00, 0x00, 0x00,
  0x00, 0x00, 0x00, 0x00, 0x00, 0x00, 0x00, 0x00, 0x00, 0x00, 0x00, 0x00,
  0x00, 0x00, 0x00, 0x00, 0x00, 0x00, 0x00, 0x00, 0x00, 0x00, 0x00, 0x00,
  0x00, 0x00, 0x00, 0x00, 0x00, 0x00, 0x00, 0x00, 0x00, 0x00, 0x00, 0x00,
  0x00, 0x00, 0x00, 0x00, 0x00, 0x00, 0x00, 0x00, 0x00, 0x00, 0x00, 0x00,
  0x00, 0x00, 0x00, 0x00, 0x00, 0x00, 0x00, 0x00, 0x00, 0x00, 0x00, 0x00,
  0x00, 0x00, 0x00, 0x00, 0x00, 0x00, 0x00, 0x00, 0x00, 0x00, 0x00, 0x00,
  0x00, 0x00, 0x00, 0x00, 0x00, 0x00, 0x00, 0x00, 0x00, 0x00, 0x00, 0x00,
  0x00, 0x00, 0x00, 0x00, 0x00, 0x00, 0x00, 0x00, 0x00, 0x00, 0x00, 0x00,
  0x00, 0x00, 0x00, 0x00, 0x00, 0x00, 0x00, 0x00, 0x00, 0x00, 0x00, 0x00,
  0x00, 0x00, 0x00, 0x00, 0x00, 0x00, 0x00, 0x00, 0x00, 0x00, 0x00, 0x00,
  0x00, 0x00, 0x00, 0x00, 0x00, 0x00, 0x00, 0x00, 0x00, 0x00, 0x00, 0x00,
  0x00, 0x00, 0x00, 0x00, 0x00, 0x00, 0x00, 0x00, 0x00, 0x00, 0x00, 0x00,
  0x00, 0x00, 0x00, 0x00, 0x00, 0x00, 0x00, 0x00, 0x00, 0x00, 0x00, 0x00,
  0x00, 0x00, 0x00, 0x00, 0x00, 0x00, 0x00, 0x00, 0x00, 0x00, 0x00, 0x00,
  0x00, 0x00, 0x00, 0x00, 0x00, 0x00, 0x00, 0x00, 0x00, 0x00, 0x00, 0x00,
  0x00, 0x00, 0x00, 0x00, 0x00, 0x00, 0x00, 0x00, 0x00, 0x00, 0x00, 0x00,
  0x00, 0x00, 0x00, 0x00, 0x00, 0x00, 0x00, 0x00, 0x00, 0x00, 0x00, 0x00,
  0x00, 0x00, 0x00, 0x00, 0x00, 0x00, 0x00, 0x00, 0x00, 0x00, 0x00, 0x00,
  0x00, 0x00, 0x00, 0x00, 0x00, 0x00, 0x00, 0x00, 0x00, 0x00, 0x00, 0x00,
  0x00, 0x00, 0x00, 0x00, 0x00, 0x00, 0x00, 0x00, 0x00, 0x00, 0x00, 0x00,
  0x00, 0x00, 0x00, 0x00, 0x00, 0x00, 0x00, 0x00, 0x00, 0x00, 0x00, 0x00,
  0x00, 0x00, 0x00, 0x00, 0x00, 0x00, 0x00, 0x00, 0x00, 0x00, 0x00, 0x00,
  0x00, 0x00, 0x00, 0x00, 0x00, 0x00, 0x00, 0x00, 0x00, 0x00, 0x00, 0x00,
  0x00, 0x00, 0x00, 0x00, 0x00, 0x00, 0x00, 0x00, 0x00, 0x00, 0x00, 0x00,
  0x00, 0x00, 0x00, 0x00, 0x00, 0x00, 0x00, 0x00, 0x00, 0x00, 0x00, 0x00,
  0x00, 0x00, 0x00, 0x00, 0x00, 0x00, 0x00, 0x00, 0x00, 0x00, 0x00, 0x00,
  0x00, 0x00, 0x00, 0x00, 0x00, 0x00, 0x00, 0x00, 0x00, 0x00, 0x00, 0x00,
  0x00, 0x00, 0x00, 0x00, 0x00, 0x00, 0x00, 0x00, 0x00, 0x00, 0x00, 0x00,
  0x00, 0x00, 0x00, 0x00, 0x00, 0x00, 0x00, 0x00, 0x00, 0x00, 0x00, 0x00,
  0x00, 0x00, 0x00, 0x00, 0x00, 0x00, 0x00, 0x00, 0x00, 0x00, 0x00, 0x00,
  0x00, 0x00, 0x00, 0x00, 0x00, 0x00, 0x00, 0x00, 0x00, 0x00, 0x00, 0x00,
  0x00, 0x00, 0x00, 0x00, 0x00, 0x00, 0x00, 0x00, 0x00, 0x00, 0x00, 0x00,
  0x00, 0x00, 0x00, 0x00, 0x00, 0x00, 0x00, 0x00, 0x00, 0x00, 0x00, 0x00,
  0x00, 0x00, 0x00, 0x00, 0x00, 0x00, 0x00, 0x00, 0x00, 0x00, 0x00, 0x00,
  0x00, 0x00, 0x00, 0x00, 0x00, 0x00, 0x00, 0x00, 0x00, 0x00, 0x00, 0x00,
  0x00, 0x00, 0x00, 0x00, 0x00, 0x00, 0x00, 0x00, 0x00, 0x00, 0x00, 0x00,
  0x00, 0x00, 0x00, 0x00, 0x00, 0x00, 0x00, 0x00, 0x00, 0x00, 0x00, 0x00,
  0x00, 0x00, 0x00, 0x00, 0x00, 0x00, 0x00, 0x00, 0x00, 0x00, 0x00, 0x00,
  0x00, 0x00, 0x00, 0x00, 0x00, 0x00, 0x00, 0x00, 0x00, 0x00, 0x00, 0x00,
  0x00, 0x00, 0x00, 0x00, 0x00, 0x00, 0x00, 0x00, 0x00, 0x00, 0x00, 0x00,
  0x00, 0x00, 0x00, 0x00, 0x00, 0x00, 0x00, 0x00, 0x00, 0x00, 0x00, 0x00,
  0x00, 0x00, 0x00, 0x00, 0x00, 0x00, 0x00, 0x00, 0x00, 0x00, 0x00, 0x00,
  0x00, 0x00, 0x00, 0x00, 0x00, 0x00, 0x00, 0x00, 0x00, 0x00, 0x00, 0x00,
  0x00, 0x00, 0x00, 0x00, 0x00, 0x00, 0x00, 0x00, 0x00, 0x00, 0x00, 0x00,
  0x00, 0x00, 0x00, 0x00, 0x00, 0x00, 0x00, 0x00, 0x00, 0x00, 0x00, 0x00,
  0x00, 0x00, 0x00, 0x00, 0x00, 0x00, 0x00, 0x00, 0x00, 0x00, 0x00, 0x00,
  0x00, 0x00, 0x00, 0x00, 0x00, 0x00, 0x00, 0x00, 0x00, 0x00, 0x00, 0x00,
  0x00, 0x00, 0x00, 0x00, 0x00, 0x00, 0x00, 0x00, 0x00, 0x00, 0x00, 0x00,
  0x00, 0x00, 0x00, 0x00, 0x00, 0x00, 0x00, 0x00, 0x00, 0x00, 0x00, 0x00,
  0x00, 0x00, 0x00, 0x00, 0x00, 0x00, 0x00, 0x00, 0x00, 0x00, 0x00, 0x00,
  0x00, 0x00, 0x00, 0x00, 0x00, 0x00, 0x00, 0x00, 0x00, 0x00, 0x00, 0x00,
  0x00, 0x00, 0x00, 0x00, 0x00, 0x00, 0x00, 0x00, 0x00, 0x00, 0x00, 0x00,
  0x00, 0x00, 0x00, 0x00, 0x00, 0x00, 0x00, 0x00, 0x00, 0x00, 0x00, 0x00,
  0x00, 0x00, 0x00, 0x00, 0x00, 0x00, 0x00, 0x00, 0x00, 0x00, 0x00, 0x00,
  0x00, 0x00, 0x00, 0x00, 0x00, 0x00, 0x00, 0x00, 0x00, 0x00, 0x00, 0x00,
  0x00, 0x00, 0x00, 0x00, 0x00, 0x00, 0x00, 0x00, 0x00, 0x00, 0x00, 0x00,
  0x00, 0x00, 0x00, 0x00, 0x00, 0x00, 0x00, 0x00, 0x00, 0x00, 0x00, 0x00,
  0x00, 0x00, 0x00, 0x00, 0x00, 0x00, 0x00, 0x00, 0x00, 0x00, 0x00, 0x00,
  0x00, 0x00, 0x00, 0x00, 0x00, 0x00, 0x00, 0x00, 0x00, 0x00, 0x00, 0x00,
  0x00, 0x00, 0x00, 0x00, 0x00, 0x00, 0x00, 0x00, 0x00, 0x00, 0x00, 0x00,
  0x00, 0x00, 0x00, 0x00, 0x00, 0x00, 0x00, 0x00, 0x00, 0x00, 0x00, 0x00,
  0x00, 0x00, 0x00, 0x00, 0x00, 0x00, 0x00, 0x00, 0x00, 0x00, 0x00, 0x00,
  0x00, 0x00, 0x00, 0x00, 0x00, 0x00, 0x00, 0x00, 0x00, 0x00, 0x00, 0x00,
  0x00, 0x00, 0x00, 0x00, 0x00, 0x00, 0x00, 0x00, 0x00, 0x00, 0x00, 0x00,
  0x00, 0x00, 0x00, 0x00, 0x00, 0x00, 0x00, 0x00, 0x00, 0x00, 0x00, 0x00,
  0x00, 0x00, 0x00, 0x00, 0x00, 0x00, 0x00, 0x00, 0x00, 0x00, 0x00, 0x00,
  0x00, 0x00, 0x00, 0x00, 0x00, 0x00, 0x00, 0x00, 0x00, 0x00, 0x00, 0x00,
  0x00, 0x00, 0x00, 0x00, 0x00, 0x00, 0x00, 0x00, 0x00, 0x00, 0x00, 0x00,
  0x00, 0x00, 0x00, 0x00, 0x00, 0x00, 0x00, 0x00, 0x00, 0x00, 0x00, 0x00,
  0x00, 0x00, 0x00, 0x00, 0x00, 0x00, 0x00, 0x00, 0x00, 0x00, 0x00, 0x00,
  0x00, 0x00, 0x00, 0x00, 0x00, 0x00, 0x00, 0x00, 0x00, 0x00, 0x00, 0x00,
  0x00, 0x00, 0x00, 0x00, 0x00, 0x00, 0x00, 0x00, 0x00, 0x00, 0x00, 0x00,
  0x00, 0x00, 0x00, 0x00, 0x00, 0x00, 0x00, 0x00, 0x00, 0x00, 0x00, 0x00,
  0x00, 0x00, 0x00, 0x00, 0x00, 0x00, 0x00, 0x00, 0x00, 0x00, 0x00, 0x00,
  0x00, 0x00, 0x00, 0x00, 0x00, 0x00, 0x00, 0x00, 0x00, 0x00, 0x00, 0x00,
  0x00, 0x00, 0x00, 0x00, 0x00, 0x00, 0x00, 0x00, 0x00, 0x00, 0x00, 0x00,
  0x00, 0x00, 0x00, 0x00, 0x00, 0x00, 0x00, 0x00, 0x00, 0x00, 0x00, 0x00,
  0x00, 0x00, 0x00, 0x00, 0x00, 0x00, 0x00, 0x00, 0x00, 0x00, 0x00, 0x00,
  0x00, 0x00, 0x00, 0x00, 0x00, 0x00, 0x00, 0x00, 0x00, 0x00, 0x00, 0x00,
  0x00, 0x00, 0x00, 0x00, 0x00, 0x00, 0x00, 0x00, 0x00, 0x00, 0x00, 0x00,
  0x00, 0x00, 0x00, 0x00, 0x00, 0x00, 0x00, 0x00, 0x00, 0x00, 0x00, 0x00,
  0x00, 0x00, 0x00, 0x00, 0x00, 0x00, 0x00, 0x00, 0x00, 0x00, 0x00, 0x00,
  0x00, 0x00, 0x00, 0x00, 0x00, 0x00, 0x00, 0x00, 0x00, 0x00, 0x00, 0x00,
  0x00, 0x00, 0x00, 0x00, 0x00, 0x00, 0x00, 0x00, 0x00, 0x00, 0x00, 0x00,
  0x00, 0x00, 0x00, 0x00, 0x00, 0x00, 0x00, 0x00, 0x00, 0x00, 0x00, 0x00,
  0x00, 0x00, 0x00, 0x00, 0x00, 0x00, 0x00, 0x00, 0x00, 0x00, 0x00, 0x00,
  0x00, 0x00, 0x00, 0x00, 0x00, 0x00, 0x00, 0x00, 0x00, 0x00, 0x00, 0x00,
  0x00, 0x00, 0x00, 0x00, 0x00, 0x00, 0x00, 0x00, 0x00, 0x00, 0x00, 0x00,
  0x00, 0x00, 0x00, 0x00, 0x00, 0x00, 0x00, 0x00, 0x00, 0x00, 0x00, 0x00,
  0x00, 0x00, 0x00, 0x00, 0x00, 0x00, 0x00, 0x00, 0x00, 0x00, 0x00, 0x00,
  0x00, 0x00, 0x00, 0x00, 0x00, 0x00, 0x00, 0x00, 0x00, 0x00, 0x00, 0x00,
  0x00, 0x00, 0x00, 0x00, 0x00, 0x00, 0x00, 0x00, 0x00, 0x00, 0x00, 0x00,
  0x00, 0x00, 0x00, 0x00, 0x00, 0x00, 0x00, 0x00, 0x00, 0x00, 0x00, 0x00,
  0x00, 0x00, 0x00, 0x00, 0x00, 0x00, 0x00, 0x00, 0x00, 0x00, 0x00, 0x00,
  0x00, 0x00, 0x00, 0x00, 0x00, 0x00, 0x00, 0x00, 0x00, 0x00, 0x00, 0x00,
  0x00, 0x00, 0x00, 0x00, 0x00, 0x00, 0x00, 0x00, 0x00, 0x00, 0x00, 0x00,
  0x00, 0x00, 0x00, 0x00, 0x00, 0x00, 0x00, 0x00, 0x00, 0x00, 0x00, 0x00,
  0x00, 0x00, 0x00, 0x00, 0x00, 0x00, 0x00, 0x00, 0x00, 0x00, 0x00, 0x00,
  0x00, 0x00, 0x00, 0x00, 0x00, 0x00, 0x00, 0x00, 0x00, 0x00, 0x00, 0x00,
  0x00, 0x00, 0x00, 0x00, 0x00, 0x00, 0x00, 0x00, 0x00, 0x00, 0x00, 0x00,
  0x00, 0x00, 0x00, 0x00, 0x00, 0x00, 0x00, 0x00, 0x00, 0x00, 0x00, 0x00,
  0x00, 0x00, 0x00, 0x00, 0x00, 0x00, 0x00, 0x00, 0x00, 0x00, 0x00, 0x00,
  0x00, 0x00, 0x00, 0x00, 0x00, 0x00, 0x00, 0x00, 0x00, 0x00, 0x00, 0x00,
  0x00, 0x00, 0x00, 0x00, 0x00, 0x00, 0x00, 0x00, 0x00, 0x00, 0x00, 0x00,
  0x00, 0x00, 0x00, 0x00, 0x00, 0x00, 0x00, 0x00, 0x00, 0x00, 0x00, 0x00,
  0x00, 0x00, 0x00, 0x00, 0x00, 0x00, 0x00, 0x00, 0x00, 0x00, 0x00, 0x00,
  0x00, 0x00, 0x00, 0x00, 0x00, 0x00, 0x00, 0x00, 0x00, 0x00, 0x00, 0x00,
  0x00, 0x00, 0x00, 0x00,
};
    
    // ============================================
    // NEXT 1 PAGE (0x1000 bytes) - Code Signature
    // ============================================
    static const uint8_t csData[0x1000] = {
        // YAHAN SE PASTE KAREIN - csData_array.txt ka content
    };

#pragma mark Bypass Functions
    // Store orig imp to pointer
    static ssize_t (*orig_read)(int, void *, ssize_t);
    static int (*orig_open)(const char *, int, ...);
    static int (*orig_close)(int);
    static int target_fd = -1;
    
    // Custom Open Function
    int hacked_open(const char *path, int flags, ...) {
        // Check if this is the main binary
        if (path && (strstr(path, "/8 Ball Pool.app/8 Ball Pool") != NULL || 
                     strstr(path, "/pool") != NULL ||
                     strstr(path, "8 Ball Pool") != NULL)) {
            int fd = orig_open(path, flags);
            if (fd != -1) {
                target_fd = fd;
                NSLog(@"[dyldBypass] - Tracking binary fd: %d", fd);
            }
            return fd;
        }
        return orig_open(path, flags);
    }
    
    // Custom Close Function
    int hacked_close(int fd) {
        if (fd == target_fd) {
            target_fd = -1;
            swapLC = 0;
            swapCS = 0;
        }
        return orig_close(fd);
    }
    
    // Custom Read Function
    ssize_t hacked_read(int fildes, void *buf, ssize_t nbytes){
        // If reading from target binary
        if (fildes == target_fd) {
            // First read: 0x4000 bytes (4 pages)
            if (nbytes == 0x4000 && swapLC == 0) {
                NSLog(@"[dyldBypass] - Intercepting 0x4000 bytes read");
                memcpy(buf, lcData, 0x4000);
                swapLC += 1;
                return 0x4000;
            } 
            // Second read: 0x1000 bytes (1 page)
            else if (nbytes == 0x1000 && swapCS == 0) {
                NSLog(@"[dyldBypass] - Intercepting 0x1000 bytes read");
                memcpy(buf, csData, 0x1000);
                swapCS += 1;
                return 0x1000;
            }
        }
        return orig_read(fildes, buf, nbytes);
    }
    
#pragma mark Init Method
    +(void)init{
        NSLog(@"[dyldBypass] - Init dyldBypass");
        
        // Rebind symbols using fishhook
        struct rebinding rebindings[] = {
            {"open", (void *)hacked_open, (void **)&orig_open},
            {"read", (void *)hacked_read, (void **)&orig_read},
            {"close", (void *)hacked_close, (void **)&orig_close}
        };
        
        rebind_symbols(rebindings, 3);
        
        NSLog(@"[dyldBypass] - Bypass initialized successfully!");
    }

@end
